2024-11-19 19:45:16,929 [INFO] Metadata written to D:\NewData\metadata_tagger_monitor.csv
2024-11-19 19:45:16,986 [INFO] Initialized SQLite database at D:\NewData\scan_2024_11_19_19_45_13.parquet with WAL and FULL synchronous settings.
2024-11-19 19:45:17,821 [INFO] Wrote batch of size 101 to SQLite database.
2024-11-19 19:45:18,591 [INFO] Wrote batch of size 100 to SQLite database.
2024-11-19 19:45:19,502 [INFO] Wrote batch of size 100 to SQLite database.
2024-11-19 19:45:20,362 [INFO] Wrote batch of size 101 to SQLite database.
2024-11-19 19:45:21,272 [INFO] Wrote batch of size 100 to SQLite database.
2024-11-19 19:45:22,110 [INFO] Wrote batch of size 100 to SQLite database.
2024-11-19 19:45:23,001 [INFO] Wrote batch of size 100 to SQLite database.
2024-11-19 19:45:23,881 [INFO] Wrote batch of size 100 to SQLite database.
2024-11-19 19:45:24,661 [INFO] Wrote batch of size 100 to SQLite database.
2024-11-19 19:45:25,521 [INFO] Wrote batch of size 100 to SQLite database.
2024-11-19 19:45:26,362 [INFO] Wrote batch of size 100 to SQLite database.
2024-11-19 19:45:27,263 [INFO] Wrote batch of size 102 to SQLite database.
2024-11-19 19:45:28,149 [INFO] Wrote batch of size 100 to SQLite database.
2024-11-19 19:45:29,014 [INFO] Wrote batch of size 100 to SQLite database.
2024-11-19 19:45:29,852 [INFO] Wrote batch of size 100 to SQLite database.
2024-11-19 19:45:30,782 [INFO] Wrote batch of size 100 to SQLite database.
2024-11-19 19:45:31,673 [INFO] Wrote batch of size 100 to SQLite database.
2024-11-19 19:45:32,522 [INFO] Wrote batch of size 100 to SQLite database.
2024-11-19 19:45:33,390 [INFO] Wrote batch of size 100 to SQLite database.
2024-11-19 19:45:34,279 [INFO] Wrote batch of size 100 to SQLite database.
2024-11-19 19:45:35,189 [INFO] Wrote batch of size 100 to SQLite database.
2024-11-19 19:45:36,069 [INFO] Wrote batch of size 102 to SQLite database.
2024-11-19 19:45:36,801 [INFO] Wrote batch of size 100 to SQLite database.
2024-11-19 19:45:37,662 [INFO] Wrote batch of size 100 to SQLite database.
2024-11-19 19:45:38,472 [INFO] Wrote batch of size 100 to SQLite database.
2024-11-19 19:45:39,320 [INFO] Wrote batch of size 100 to SQLite database.
2024-11-19 19:45:40,189 [INFO] Wrote batch of size 100 to SQLite database.
2024-11-19 19:45:41,073 [INFO] Wrote batch of size 100 to SQLite database.
2024-11-19 19:45:41,943 [INFO] Wrote batch of size 102 to SQLite database.
2024-11-19 19:45:42,801 [INFO] Wrote batch of size 100 to SQLite database.
2024-11-19 19:45:43,741 [INFO] Wrote batch of size 100 to SQLite database.
2024-11-19 19:45:44,501 [INFO] Wrote batch of size 100 to SQLite database.
2024-11-19 19:45:45,352 [INFO] Wrote batch of size 100 to SQLite database.
2024-11-19 19:45:46,270 [INFO] Wrote batch of size 100 to SQLite database.
2024-11-19 19:45:47,151 [INFO] Wrote batch of size 100 to SQLite database.
2024-11-19 19:45:48,051 [INFO] Wrote batch of size 100 to SQLite database.
2024-11-19 19:45:48,903 [INFO] Wrote batch of size 100 to SQLite database.
2024-11-19 19:45:49,759 [INFO] Wrote batch of size 102 to SQLite database.
2024-11-19 19:45:50,701 [INFO] Wrote batch of size 100 to SQLite database.
2024-11-19 19:45:51,572 [INFO] Wrote batch of size 100 to SQLite database.
2024-11-19 19:45:52,401 [INFO] Wrote batch of size 100 to SQLite database.
2024-11-19 19:45:53,342 [INFO] Wrote batch of size 101 to SQLite database.
2024-11-19 19:45:54,263 [INFO] Wrote batch of size 100 to SQLite database.
2024-11-19 19:45:55,134 [INFO] Wrote batch of size 100 to SQLite database.
2024-11-19 19:45:55,929 [INFO] Wrote batch of size 100 to SQLite database.
2024-11-19 19:45:56,862 [INFO] Wrote batch of size 100 to SQLite database.
2024-11-19 19:45:57,682 [INFO] Wrote batch of size 100 to SQLite database.
2024-11-19 19:45:58,510 [INFO] Wrote batch of size 100 to SQLite database.
2024-11-19 19:45:59,439 [INFO] Wrote batch of size 100 to SQLite database.
2024-11-19 19:46:00,281 [INFO] Wrote batch of size 100 to SQLite database.
2024-11-19 19:46:01,182 [INFO] Wrote batch of size 100 to SQLite database.
2024-11-19 19:46:02,066 [INFO] Wrote batch of size 100 to SQLite database.
2024-11-19 19:46:02,892 [INFO] Wrote batch of size 100 to SQLite database.
2024-11-19 19:46:03,760 [INFO] Wrote batch of size 100 to SQLite database.
2024-11-19 19:46:04,610 [INFO] Wrote batch of size 100 to SQLite database.
2024-11-19 19:46:05,473 [INFO] Wrote batch of size 100 to SQLite database.
2024-11-19 19:46:06,351 [INFO] Wrote batch of size 100 to SQLite database.
2024-11-19 19:46:07,121 [INFO] Wrote batch of size 102 to SQLite database.
2024-11-19 19:46:07,952 [INFO] Wrote batch of size 100 to SQLite database.
2024-11-19 19:46:08,732 [INFO] Wrote batch of size 100 to SQLite database.
2024-11-19 19:46:09,573 [INFO] Wrote batch of size 100 to SQLite database.
2024-11-19 19:46:10,439 [INFO] Wrote batch of size 100 to SQLite database.
2024-11-19 19:46:11,252 [INFO] Wrote batch of size 100 to SQLite database.
2024-11-19 19:46:12,112 [INFO] Wrote batch of size 100 to SQLite database.
2024-11-19 19:46:12,910 [INFO] Wrote batch of size 101 to SQLite database.
2024-11-19 19:46:13,730 [INFO] Wrote batch of size 100 to SQLite database.
2024-11-19 19:46:14,589 [INFO] Wrote batch of size 101 to SQLite database.
2024-11-19 19:46:15,401 [INFO] Wrote batch of size 102 to SQLite database.
2024-11-19 19:46:16,265 [INFO] Wrote batch of size 100 to SQLite database.
2024-11-19 19:46:17,205 [INFO] Wrote batch of size 100 to SQLite database.
2024-11-19 19:46:18,019 [INFO] Wrote batch of size 102 to SQLite database.
2024-11-19 19:46:18,892 [INFO] Wrote batch of size 102 to SQLite database.
2024-11-19 19:46:19,760 [INFO] Wrote batch of size 102 to SQLite database.
2024-11-19 19:46:20,634 [INFO] Wrote batch of size 100 to SQLite database.
2024-11-19 19:46:21,482 [INFO] Wrote batch of size 100 to SQLite database.
2024-11-19 19:46:22,312 [INFO] Wrote batch of size 100 to SQLite database.
2024-11-19 19:46:23,161 [INFO] Wrote batch of size 100 to SQLite database.
2024-11-19 19:46:24,002 [INFO] Wrote batch of size 100 to SQLite database.
2024-11-19 19:46:24,819 [INFO] Wrote batch of size 100 to SQLite database.
2024-11-19 19:46:25,625 [INFO] Wrote batch of size 103 to SQLite database.
2024-11-19 19:46:26,392 [INFO] Wrote batch of size 100 to SQLite database.
2024-11-19 19:46:27,277 [INFO] Wrote batch of size 100 to SQLite database.
2024-11-19 19:46:28,083 [INFO] Wrote batch of size 100 to SQLite database.
2024-11-19 19:46:28,929 [INFO] Wrote batch of size 100 to SQLite database.
2024-11-19 19:46:29,793 [INFO] Wrote batch of size 100 to SQLite database.
2024-11-19 19:46:30,712 [INFO] Wrote batch of size 102 to SQLite database.
2024-11-19 19:46:31,531 [INFO] Wrote batch of size 100 to SQLite database.
2024-11-19 19:46:32,401 [INFO] Wrote batch of size 100 to SQLite database.
2024-11-19 19:46:33,193 [INFO] Wrote batch of size 100 to SQLite database.
2024-11-19 19:46:34,076 [INFO] Wrote batch of size 100 to SQLite database.
2024-11-19 19:46:34,872 [INFO] Wrote batch of size 100 to SQLite database.
2024-11-19 19:46:35,770 [INFO] Wrote batch of size 100 to SQLite database.
2024-11-19 19:46:36,573 [INFO] Wrote batch of size 100 to SQLite database.
2024-11-19 19:46:37,420 [INFO] Wrote batch of size 100 to SQLite database.
2024-11-19 19:46:38,260 [INFO] Wrote batch of size 100 to SQLite database.
2024-11-19 19:46:39,020 [INFO] Wrote batch of size 100 to SQLite database.
2024-11-19 19:46:39,862 [INFO] Wrote batch of size 100 to SQLite database.
2024-11-19 19:46:40,684 [INFO] Wrote batch of size 100 to SQLite database.
2024-11-19 19:46:41,559 [INFO] Wrote batch of size 100 to SQLite database.
2024-11-19 19:46:42,422 [INFO] Wrote batch of size 102 to SQLite database.
2024-11-19 19:46:43,361 [INFO] Wrote batch of size 100 to SQLite database.
2024-11-19 19:46:44,240 [INFO] Wrote batch of size 101 to SQLite database.
2024-11-19 19:46:45,062 [INFO] Wrote batch of size 100 to SQLite database.
2024-11-19 19:46:45,852 [INFO] Wrote batch of size 100 to SQLite database.
2024-11-19 19:46:46,796 [INFO] Wrote batch of size 100 to SQLite database.
2024-11-19 19:46:47,662 [INFO] Wrote batch of size 100 to SQLite database.
2024-11-19 19:46:48,461 [INFO] Wrote batch of size 100 to SQLite database.
2024-11-19 19:46:49,308 [INFO] Wrote batch of size 100 to SQLite database.
2024-11-19 19:46:50,231 [INFO] Wrote batch of size 100 to SQLite database.
2024-11-19 19:46:51,082 [INFO] Wrote batch of size 101 to SQLite database.
2024-11-19 19:46:51,991 [INFO] Wrote batch of size 100 to SQLite database.
2024-11-19 19:46:52,932 [INFO] Wrote batch of size 100 to SQLite database.
2024-11-19 19:46:53,762 [INFO] Wrote batch of size 100 to SQLite database.
2024-11-19 19:46:54,561 [INFO] Wrote batch of size 100 to SQLite database.
2024-11-19 19:46:55,420 [INFO] Wrote batch of size 100 to SQLite database.
2024-11-19 19:46:56,132 [INFO] Wrote batch of size 102 to SQLite database.
2024-11-19 19:46:56,962 [INFO] Wrote batch of size 100 to SQLite database.
2024-11-19 19:46:57,843 [INFO] Wrote batch of size 100 to SQLite database.
2024-11-19 19:46:58,622 [INFO] Wrote batch of size 100 to SQLite database.
2024-11-19 19:46:59,442 [INFO] Wrote batch of size 100 to SQLite database.
2024-11-19 19:47:00,274 [INFO] Wrote batch of size 100 to SQLite database.
2024-11-19 19:47:01,182 [INFO] Wrote batch of size 100 to SQLite database.
2024-11-19 19:47:02,052 [INFO] Wrote batch of size 100 to SQLite database.
2024-11-19 19:47:02,862 [INFO] Wrote batch of size 100 to SQLite database.
2024-11-19 19:47:03,732 [INFO] Wrote batch of size 100 to SQLite database.
2024-11-19 19:47:04,662 [INFO] Wrote batch of size 102 to SQLite database.
2024-11-19 19:47:05,612 [INFO] Wrote batch of size 100 to SQLite database.
2024-11-19 19:47:06,552 [INFO] Wrote batch of size 100 to SQLite database.
2024-11-19 19:47:07,492 [INFO] Wrote batch of size 100 to SQLite database.
2024-11-19 19:47:08,404 [INFO] Wrote batch of size 100 to SQLite database.
2024-11-19 19:47:09,272 [INFO] Wrote batch of size 100 to SQLite database.
2024-11-19 19:47:10,114 [INFO] Wrote batch of size 100 to SQLite database.
2024-11-19 19:47:11,023 [INFO] Wrote batch of size 100 to SQLite database.
2024-11-19 19:47:11,933 [INFO] Wrote batch of size 100 to SQLite database.
2024-11-19 19:47:12,773 [INFO] Wrote batch of size 100 to SQLite database.
2024-11-19 19:47:13,592 [INFO] Wrote batch of size 101 to SQLite database.
2024-11-19 19:47:14,503 [INFO] Wrote batch of size 100 to SQLite database.
2024-11-19 19:47:15,432 [INFO] Wrote batch of size 102 to SQLite database.
2024-11-19 19:47:16,275 [INFO] Wrote batch of size 100 to SQLite database.
2024-11-19 19:47:17,082 [INFO] Wrote batch of size 100 to SQLite database.
2024-11-19 19:47:17,902 [INFO] Wrote batch of size 100 to SQLite database.
2024-11-19 19:47:18,862 [INFO] Wrote batch of size 103 to SQLite database.
2024-11-19 19:47:19,731 [INFO] Wrote batch of size 100 to SQLite database.
2024-11-19 19:47:20,664 [INFO] Wrote batch of size 100 to SQLite database.
2024-11-19 19:47:21,537 [INFO] Wrote batch of size 100 to SQLite database.
2024-11-19 19:47:22,483 [INFO] Wrote batch of size 100 to SQLite database.
2024-11-19 19:47:23,373 [INFO] Wrote batch of size 100 to SQLite database.
2024-11-19 19:47:24,253 [INFO] Wrote batch of size 100 to SQLite database.
2024-11-19 19:47:25,170 [INFO] Wrote batch of size 100 to SQLite database.
2024-11-19 19:47:26,002 [INFO] Wrote batch of size 100 to SQLite database.
2024-11-19 19:47:26,891 [INFO] Wrote batch of size 100 to SQLite database.
2024-11-19 19:47:27,843 [INFO] Wrote batch of size 103 to SQLite database.
2024-11-19 19:47:28,670 [INFO] Wrote batch of size 100 to SQLite database.
2024-11-19 19:47:29,582 [INFO] Wrote batch of size 100 to SQLite database.
2024-11-19 19:47:30,452 [INFO] Wrote batch of size 100 to SQLite database.
2024-11-19 19:47:31,311 [INFO] Wrote batch of size 101 to SQLite database.
2024-11-19 19:47:32,172 [INFO] Wrote batch of size 101 to SQLite database.
2024-11-19 19:47:33,048 [INFO] Wrote batch of size 100 to SQLite database.
2024-11-19 19:47:33,822 [INFO] Wrote batch of size 100 to SQLite database.
2024-11-19 19:47:34,739 [INFO] Wrote batch of size 100 to SQLite database.
2024-11-19 19:47:35,546 [INFO] Wrote batch of size 100 to SQLite database.
2024-11-19 19:47:36,364 [INFO] Wrote batch of size 100 to SQLite database.
2024-11-19 19:47:37,261 [INFO] Wrote batch of size 100 to SQLite database.
2024-11-19 19:47:38,143 [INFO] Wrote batch of size 100 to SQLite database.
2024-11-19 19:47:39,063 [INFO] Wrote batch of size 100 to SQLite database.
2024-11-19 19:47:39,921 [INFO] Wrote batch of size 100 to SQLite database.
2024-11-19 19:47:40,850 [INFO] Wrote batch of size 108 to SQLite database.
2024-11-19 19:47:41,688 [INFO] Wrote batch of size 100 to SQLite database.
2024-11-19 19:47:42,584 [INFO] Wrote batch of size 100 to SQLite database.
2024-11-19 19:47:43,333 [INFO] Wrote batch of size 100 to SQLite database.
2024-11-19 19:47:44,083 [INFO] Wrote batch of size 100 to SQLite database.
2024-11-19 19:47:44,871 [INFO] Wrote batch of size 100 to SQLite database.
2024-11-19 19:47:45,672 [INFO] Wrote batch of size 101 to SQLite database.
2024-11-19 19:47:46,542 [INFO] Wrote batch of size 100 to SQLite database.
2024-11-19 19:47:47,402 [INFO] Wrote batch of size 100 to SQLite database.
2024-11-19 19:47:48,391 [INFO] Wrote batch of size 100 to SQLite database.
2024-11-19 19:47:49,293 [INFO] Wrote batch of size 100 to SQLite database.
2024-11-19 19:47:50,144 [INFO] Wrote batch of size 100 to SQLite database.
2024-11-19 19:47:51,052 [INFO] Wrote batch of size 101 to SQLite database.
2024-11-19 19:47:51,920 [INFO] Wrote batch of size 100 to SQLite database.
2024-11-19 19:47:52,740 [INFO] Wrote batch of size 100 to SQLite database.
2024-11-19 19:47:53,656 [INFO] Wrote batch of size 100 to SQLite database.
2024-11-19 19:47:54,522 [INFO] Wrote batch of size 101 to SQLite database.
2024-11-19 19:47:55,321 [INFO] Wrote batch of size 100 to SQLite database.
2024-11-19 19:47:56,144 [INFO] Wrote batch of size 100 to SQLite database.
2024-11-19 19:47:56,969 [INFO] Wrote batch of size 100 to SQLite database.
2024-11-19 19:47:57,850 [INFO] Wrote batch of size 100 to SQLite database.
2024-11-19 19:47:58,731 [INFO] Wrote batch of size 100 to SQLite database.
2024-11-19 19:47:59,604 [INFO] Wrote batch of size 100 to SQLite database.
2024-11-19 19:48:00,504 [INFO] Wrote batch of size 100 to SQLite database.
2024-11-19 19:48:01,443 [INFO] Wrote batch of size 100 to SQLite database.
2024-11-19 19:48:02,333 [INFO] Wrote batch of size 100 to SQLite database.
2024-11-19 19:48:03,195 [INFO] Wrote batch of size 100 to SQLite database.
2024-11-19 19:48:04,021 [INFO] Wrote batch of size 100 to SQLite database.
2024-11-19 19:48:04,936 [INFO] Wrote batch of size 101 to SQLite database.
2024-11-19 19:48:05,773 [INFO] Wrote batch of size 100 to SQLite database.
2024-11-19 19:48:06,684 [INFO] Wrote batch of size 100 to SQLite database.
2024-11-19 19:48:07,615 [INFO] Wrote batch of size 100 to SQLite database.
2024-11-19 19:48:08,504 [INFO] Wrote batch of size 100 to SQLite database.
2024-11-19 19:48:09,352 [INFO] Wrote batch of size 100 to SQLite database.
2024-11-19 19:48:10,241 [INFO] Wrote batch of size 100 to SQLite database.
2024-11-19 19:48:11,111 [INFO] Wrote batch of size 100 to SQLite database.
2024-11-19 19:48:11,931 [INFO] Wrote batch of size 100 to SQLite database.
2024-11-19 19:48:12,831 [INFO] Wrote batch of size 100 to SQLite database.
2024-11-19 19:48:13,603 [INFO] Wrote batch of size 100 to SQLite database.
2024-11-19 19:48:14,450 [INFO] Wrote batch of size 101 to SQLite database.
2024-11-19 19:48:15,359 [INFO] Wrote batch of size 100 to SQLite database.
2024-11-19 19:48:16,252 [INFO] Wrote batch of size 100 to SQLite database.
2024-11-19 19:48:17,095 [INFO] Wrote batch of size 100 to SQLite database.
2024-11-19 19:48:17,961 [INFO] Wrote batch of size 100 to SQLite database.
2024-11-19 19:48:18,751 [INFO] Wrote batch of size 100 to SQLite database.
2024-11-19 19:48:19,692 [INFO] Wrote batch of size 100 to SQLite database.
2024-11-19 19:48:20,468 [INFO] Wrote batch of size 100 to SQLite database.
2024-11-19 19:48:21,382 [INFO] Wrote batch of size 100 to SQLite database.
2024-11-19 19:48:22,169 [INFO] Wrote batch of size 100 to SQLite database.
2024-11-19 19:48:22,990 [INFO] Wrote batch of size 100 to SQLite database.
2024-11-19 19:48:23,760 [INFO] Wrote batch of size 100 to SQLite database.
2024-11-19 19:48:24,581 [INFO] Wrote batch of size 100 to SQLite database.
2024-11-19 19:48:25,332 [INFO] Wrote batch of size 100 to SQLite database.
2024-11-19 19:48:26,191 [INFO] Wrote batch of size 100 to SQLite database.
2024-11-19 19:48:27,122 [INFO] Wrote batch of size 100 to SQLite database.
2024-11-19 19:48:28,008 [INFO] Wrote batch of size 101 to SQLite database.
2024-11-19 19:48:28,772 [INFO] Wrote batch of size 100 to SQLite database.
2024-11-19 19:48:29,564 [INFO] Wrote batch of size 100 to SQLite database.
2024-11-19 19:48:30,432 [INFO] Wrote batch of size 100 to SQLite database.
2024-11-19 19:48:31,279 [INFO] Wrote batch of size 100 to SQLite database.
2024-11-19 19:48:32,132 [INFO] Wrote batch of size 100 to SQLite database.
2024-11-19 19:48:33,011 [INFO] Wrote batch of size 100 to SQLite database.
2024-11-19 19:48:33,855 [INFO] Wrote batch of size 100 to SQLite database.
2024-11-19 19:48:34,727 [INFO] Wrote batch of size 104 to SQLite database.
2024-11-19 19:48:35,674 [INFO] Wrote batch of size 100 to SQLite database.
2024-11-19 19:48:36,401 [INFO] Wrote batch of size 100 to SQLite database.
2024-11-19 19:48:37,313 [INFO] Wrote batch of size 100 to SQLite database.
2024-11-19 19:48:38,152 [INFO] Wrote batch of size 100 to SQLite database.
2024-11-19 19:48:38,923 [INFO] Wrote batch of size 100 to SQLite database.
2024-11-19 19:48:39,712 [INFO] Wrote batch of size 100 to SQLite database.
2024-11-19 19:48:40,537 [INFO] Wrote batch of size 100 to SQLite database.
2024-11-19 19:48:41,424 [INFO] Wrote batch of size 100 to SQLite database.
2024-11-19 19:48:42,246 [INFO] Wrote batch of size 100 to SQLite database.
2024-11-19 19:48:43,109 [INFO] Wrote batch of size 100 to SQLite database.
2024-11-19 19:48:43,859 [INFO] Wrote batch of size 100 to SQLite database.
2024-11-19 19:48:44,712 [INFO] Wrote batch of size 100 to SQLite database.
2024-11-19 19:48:45,636 [INFO] Wrote batch of size 102 to SQLite database.
2024-11-19 19:48:46,522 [INFO] Wrote batch of size 100 to SQLite database.
2024-11-19 19:48:47,363 [INFO] Wrote batch of size 100 to SQLite database.
2024-11-19 19:48:48,236 [INFO] Wrote batch of size 100 to SQLite database.
2024-11-19 19:48:49,072 [INFO] Wrote batch of size 100 to SQLite database.
2024-11-19 19:48:49,993 [INFO] Wrote batch of size 100 to SQLite database.
2024-11-19 19:48:50,803 [INFO] Wrote batch of size 101 to SQLite database.
2024-11-19 19:48:51,678 [INFO] Wrote batch of size 100 to SQLite database.
2024-11-19 19:48:52,579 [INFO] Wrote batch of size 100 to SQLite database.
2024-11-19 19:48:53,465 [INFO] Wrote batch of size 100 to SQLite database.
2024-11-19 19:48:54,296 [INFO] Wrote batch of size 100 to SQLite database.
2024-11-19 19:48:55,043 [INFO] Wrote batch of size 102 to SQLite database.
2024-11-19 19:48:55,808 [INFO] Wrote batch of size 102 to SQLite database.
2024-11-19 19:48:56,656 [INFO] Wrote batch of size 100 to SQLite database.
2024-11-19 19:48:57,423 [INFO] Wrote batch of size 104 to SQLite database.
2024-11-19 19:48:58,404 [INFO] Wrote batch of size 100 to SQLite database.
2024-11-19 19:48:59,268 [INFO] Wrote batch of size 100 to SQLite database.
2024-11-19 19:49:00,094 [INFO] Wrote batch of size 100 to SQLite database.
2024-11-19 19:49:00,943 [INFO] Wrote batch of size 100 to SQLite database.
2024-11-19 19:49:01,872 [INFO] Wrote batch of size 100 to SQLite database.
2024-11-19 19:49:02,698 [INFO] Wrote batch of size 100 to SQLite database.
2024-11-19 19:49:03,524 [INFO] Wrote batch of size 100 to SQLite database.
2024-11-19 19:49:04,372 [INFO] Wrote batch of size 100 to SQLite database.
2024-11-19 19:49:05,290 [INFO] Wrote batch of size 103 to SQLite database.
2024-11-19 19:49:06,134 [INFO] Wrote batch of size 100 to SQLite database.
2024-11-19 19:49:06,564 [INFO] Stopping DAQ.
2024-11-19 19:49:07,138 [INFO] Closed SQLite database at D:\NewData\scan_2024_11_19_19_45_13.parquet
2024-11-19 19:49:07,138 [INFO] DAQ stopped gracefully.
2024-11-19 19:49:30,187 [INFO] Metadata written to D:\NewData\metadata_tagger_monitor.csv
2024-11-19 19:49:30,238 [INFO] Initialized SQLite database at D:\NewData\scan_2024_11_19_19_49_26.parquet with WAL and FULL synchronous settings.
2024-11-19 19:49:38,689 [INFO] Wrote batch of size 1000 to SQLite database.
2024-11-19 19:49:38,697 [INFO] Wrote batch of size 1001 to SQLite database.
2024-11-19 19:49:38,703 [INFO] Wrote batch of size 1002 to SQLite database.
2024-11-19 19:49:38,710 [INFO] Wrote batch of size 1006 to SQLite database.
2024-11-19 19:49:38,722 [INFO] Wrote batch of size 1007 to SQLite database.
2024-11-19 19:49:38,731 [INFO] Wrote batch of size 1008 to SQLite database.
2024-11-19 19:49:38,741 [INFO] Wrote batch of size 1009 to SQLite database.
2024-11-19 19:49:38,750 [INFO] Wrote batch of size 1010 to SQLite database.
2024-11-19 19:49:38,761 [INFO] Wrote batch of size 1011 to SQLite database.
2024-11-19 19:49:38,770 [INFO] Wrote batch of size 1012 to SQLite database.
2024-11-19 19:49:38,780 [INFO] Wrote batch of size 1013 to SQLite database.
2024-11-19 19:49:38,792 [INFO] Wrote batch of size 1014 to SQLite database.
2024-11-19 19:49:38,805 [INFO] Wrote batch of size 1015 to SQLite database.
2024-11-19 19:49:38,813 [INFO] Wrote batch of size 1016 to SQLite database.
2024-11-19 19:49:38,821 [INFO] Wrote batch of size 1017 to SQLite database.
2024-11-19 19:49:38,831 [INFO] Wrote batch of size 1018 to SQLite database.
2024-11-19 19:49:38,841 [INFO] Wrote batch of size 1019 to SQLite database.
2024-11-19 19:49:38,853 [INFO] Wrote batch of size 1020 to SQLite database.
2024-11-19 19:49:38,861 [INFO] Wrote batch of size 1021 to SQLite database.
2024-11-19 19:49:38,875 [INFO] Wrote batch of size 1022 to SQLite database.
2024-11-19 19:49:38,884 [INFO] Wrote batch of size 1023 to SQLite database.
2024-11-19 19:49:38,891 [INFO] Wrote batch of size 1024 to SQLite database.
2024-11-19 19:49:38,901 [INFO] Wrote batch of size 1025 to SQLite database.
2024-11-19 19:49:38,912 [INFO] Wrote batch of size 1028 to SQLite database.
2024-11-19 19:49:38,921 [INFO] Wrote batch of size 1029 to SQLite database.
2024-11-19 19:49:38,938 [INFO] Wrote batch of size 1030 to SQLite database.
2024-11-19 19:49:38,948 [INFO] Wrote batch of size 1031 to SQLite database.
2024-11-19 19:49:38,955 [INFO] Wrote batch of size 1032 to SQLite database.
2024-11-19 19:49:38,962 [INFO] Wrote batch of size 1033 to SQLite database.
2024-11-19 19:49:38,971 [INFO] Wrote batch of size 1034 to SQLite database.
2024-11-19 19:49:38,989 [INFO] Wrote batch of size 1035 to SQLite database.
2024-11-19 19:49:38,998 [INFO] Wrote batch of size 1036 to SQLite database.
2024-11-19 19:49:39,004 [INFO] Wrote batch of size 1037 to SQLite database.
2024-11-19 19:49:39,012 [INFO] Wrote batch of size 1038 to SQLite database.
2024-11-19 19:49:39,028 [INFO] Wrote batch of size 1039 to SQLite database.
2024-11-19 19:49:39,038 [INFO] Wrote batch of size 1040 to SQLite database.
2024-11-19 19:49:39,046 [INFO] Wrote batch of size 1044 to SQLite database.
2024-11-19 19:49:39,054 [INFO] Wrote batch of size 1045 to SQLite database.
2024-11-19 19:49:39,071 [INFO] Wrote batch of size 1046 to SQLite database.
2024-11-19 19:49:39,081 [INFO] Wrote batch of size 1047 to SQLite database.
2024-11-19 19:49:39,089 [INFO] Wrote batch of size 1048 to SQLite database.
2024-11-19 19:49:39,096 [INFO] Wrote batch of size 1049 to SQLite database.
2024-11-19 19:49:39,114 [INFO] Wrote batch of size 1050 to SQLite database.
2024-11-19 19:49:39,124 [INFO] Wrote batch of size 1051 to SQLite database.
2024-11-19 19:49:39,131 [INFO] Wrote batch of size 1052 to SQLite database.
2024-11-19 19:49:39,148 [INFO] Wrote batch of size 1053 to SQLite database.
2024-11-19 19:49:39,158 [INFO] Wrote batch of size 1055 to SQLite database.
2024-11-19 19:49:39,166 [INFO] Wrote batch of size 1056 to SQLite database.
2024-11-19 19:49:39,183 [INFO] Wrote batch of size 1057 to SQLite database.
2024-11-19 19:49:39,194 [INFO] Wrote batch of size 1058 to SQLite database.
2024-11-19 19:49:39,202 [INFO] Wrote batch of size 1059 to SQLite database.
2024-11-19 19:49:39,220 [INFO] Wrote batch of size 1060 to SQLite database.
2024-11-19 19:49:39,230 [INFO] Wrote batch of size 1062 to SQLite database.
2024-11-19 19:49:39,237 [INFO] Wrote batch of size 1065 to SQLite database.
2024-11-19 19:49:39,257 [INFO] Wrote batch of size 1066 to SQLite database.
2024-11-19 19:49:39,267 [INFO] Wrote batch of size 1068 to SQLite database.
2024-11-19 19:49:39,276 [INFO] Wrote batch of size 1070 to SQLite database.
2024-11-19 19:49:39,295 [INFO] Wrote batch of size 1071 to SQLite database.
2024-11-19 19:49:39,305 [INFO] Wrote batch of size 1075 to SQLite database.
2024-11-19 19:49:39,314 [INFO] Wrote batch of size 1076 to SQLite database.
2024-11-19 19:49:39,334 [INFO] Wrote batch of size 1076 to SQLite database.
2024-11-19 19:49:39,345 [INFO] Wrote batch of size 1081 to SQLite database.
2024-11-19 19:49:39,354 [INFO] Wrote batch of size 1082 to SQLite database.
2024-11-19 19:49:39,375 [INFO] Wrote batch of size 1082 to SQLite database.
2024-11-19 19:49:39,387 [INFO] Wrote batch of size 1085 to SQLite database.
2024-11-19 19:49:39,407 [INFO] Wrote batch of size 1086 to SQLite database.
2024-11-19 19:49:39,418 [INFO] Wrote batch of size 1088 to SQLite database.
2024-11-19 19:49:39,439 [INFO] Wrote batch of size 1089 to SQLite database.
2024-11-19 19:49:39,451 [INFO] Wrote batch of size 1091 to SQLite database.
2024-11-19 19:49:39,474 [INFO] Wrote batch of size 1092 to SQLite database.
2024-11-19 19:49:39,487 [INFO] Wrote batch of size 1094 to SQLite database.
2024-11-19 19:49:39,508 [INFO] Wrote batch of size 1096 to SQLite database.
2024-11-19 19:49:39,520 [INFO] Wrote batch of size 1098 to SQLite database.
2024-11-19 19:49:39,553 [INFO] Wrote batch of size 1099 to SQLite database.
2024-11-19 19:49:39,566 [INFO] Wrote batch of size 1102 to SQLite database.
2024-11-19 19:49:39,590 [INFO] Wrote batch of size 1104 to SQLite database.
2024-11-19 19:49:39,602 [INFO] Wrote batch of size 1106 to SQLite database.
2024-11-19 19:49:39,626 [INFO] Wrote batch of size 1107 to SQLite database.
2024-11-19 19:49:39,637 [INFO] Wrote batch of size 1110 to SQLite database.
2024-11-19 19:49:39,664 [INFO] Wrote batch of size 1111 to SQLite database.
2024-11-19 19:49:39,677 [INFO] Wrote batch of size 1113 to SQLite database.
2024-11-19 19:49:39,702 [INFO] Wrote batch of size 1115 to SQLite database.
2024-11-19 19:49:39,715 [INFO] Wrote batch of size 1119 to SQLite database.
2024-11-19 19:49:39,739 [INFO] Wrote batch of size 1123 to SQLite database.
2024-11-19 19:49:39,752 [INFO] Wrote batch of size 1127 to SQLite database.
2024-11-19 19:49:39,779 [INFO] Wrote batch of size 1128 to SQLite database.
2024-11-19 19:49:39,792 [INFO] Wrote batch of size 1131 to SQLite database.
2024-11-19 19:49:39,818 [INFO] Wrote batch of size 1132 to SQLite database.
2024-11-19 19:49:39,832 [INFO] Wrote batch of size 1136 to SQLite database.
2024-11-19 19:49:39,860 [INFO] Wrote batch of size 1137 to SQLite database.
2024-11-19 19:49:39,874 [INFO] Wrote batch of size 1141 to SQLite database.
2024-11-19 19:49:39,903 [INFO] Wrote batch of size 1142 to SQLite database.
2024-11-19 19:49:39,917 [INFO] Wrote batch of size 1145 to SQLite database.
2024-11-19 19:49:39,945 [INFO] Wrote batch of size 1147 to SQLite database.
2024-11-19 19:49:39,959 [INFO] Wrote batch of size 1150 to SQLite database.
2024-11-19 19:49:39,989 [INFO] Wrote batch of size 1151 to SQLite database.
2024-11-19 19:49:40,003 [INFO] Wrote batch of size 1154 to SQLite database.
2024-11-19 19:49:40,032 [INFO] Wrote batch of size 1155 to SQLite database.
2024-11-19 19:49:40,048 [INFO] Wrote batch of size 1160 to SQLite database.
2024-11-19 19:49:40,080 [INFO] Wrote batch of size 1164 to SQLite database.
2024-11-19 19:49:40,095 [INFO] Wrote batch of size 1169 to SQLite database.
2024-11-19 19:49:40,124 [INFO] Wrote batch of size 1171 to SQLite database.
2024-11-19 19:49:40,138 [INFO] Wrote batch of size 1173 to SQLite database.
2024-11-19 19:49:40,170 [INFO] Wrote batch of size 1175 to SQLite database.
2024-11-19 19:49:40,186 [INFO] Wrote batch of size 1180 to SQLite database.
2024-11-19 19:49:40,219 [INFO] Wrote batch of size 1182 to SQLite database.
2024-11-19 19:49:40,236 [INFO] Wrote batch of size 1185 to SQLite database.
2024-11-19 19:49:40,269 [INFO] Wrote batch of size 1187 to SQLite database.
2024-11-19 19:49:40,283 [INFO] Wrote batch of size 1190 to SQLite database.
2024-11-19 19:49:40,316 [INFO] Wrote batch of size 1191 to SQLite database.
2024-11-19 19:49:40,332 [INFO] Wrote batch of size 1196 to SQLite database.
2024-11-19 19:49:40,365 [INFO] Wrote batch of size 1197 to SQLite database.
2024-11-19 19:49:40,381 [INFO] Wrote batch of size 1200 to SQLite database.
2024-11-19 19:49:40,416 [INFO] Wrote batch of size 1202 to SQLite database.
2024-11-19 19:49:40,435 [INFO] Wrote batch of size 1206 to SQLite database.
2024-11-19 19:49:40,471 [INFO] Wrote batch of size 1208 to SQLite database.
2024-11-19 19:49:40,489 [INFO] Wrote batch of size 1212 to SQLite database.
2024-11-19 19:49:40,524 [INFO] Wrote batch of size 1214 to SQLite database.
2024-11-19 19:49:40,540 [INFO] Wrote batch of size 1217 to SQLite database.
2024-11-19 19:49:40,577 [INFO] Wrote batch of size 1219 to SQLite database.
2024-11-19 19:49:40,593 [INFO] Wrote batch of size 1223 to SQLite database.
2024-11-19 19:49:40,628 [INFO] Wrote batch of size 1224 to SQLite database.
2024-11-19 19:49:40,649 [INFO] Wrote batch of size 1228 to SQLite database.
2024-11-19 19:49:40,685 [INFO] Wrote batch of size 1230 to SQLite database.
2024-11-19 19:49:40,705 [INFO] Wrote batch of size 1233 to SQLite database.
2024-11-19 19:49:40,742 [INFO] Wrote batch of size 1236 to SQLite database.
2024-11-19 19:49:40,760 [INFO] Wrote batch of size 1239 to SQLite database.
2024-11-19 19:49:40,799 [INFO] Wrote batch of size 1241 to SQLite database.
2024-11-19 19:49:40,816 [INFO] Wrote batch of size 1245 to SQLite database.
2024-11-19 19:49:40,856 [INFO] Wrote batch of size 1247 to SQLite database.
2024-11-19 19:49:40,876 [INFO] Wrote batch of size 1256 to SQLite database.
2024-11-19 19:49:40,913 [INFO] Wrote batch of size 1258 to SQLite database.
2024-11-19 19:49:40,934 [INFO] Wrote batch of size 1262 to SQLite database.
2024-11-19 19:49:40,972 [INFO] Wrote batch of size 1263 to SQLite database.
2024-11-19 19:49:40,990 [INFO] Wrote batch of size 1267 to SQLite database.
2024-11-19 19:49:41,030 [INFO] Wrote batch of size 1269 to SQLite database.
2024-11-19 19:49:41,074 [INFO] Wrote batch of size 1273 to SQLite database.
2024-11-19 19:49:41,116 [INFO] Wrote batch of size 1277 to SQLite database.
2024-11-19 19:49:41,156 [INFO] Wrote batch of size 1287 to SQLite database.
2024-11-19 19:49:41,199 [INFO] Wrote batch of size 1291 to SQLite database.
2024-11-19 19:49:41,246 [INFO] Wrote batch of size 1296 to SQLite database.
2024-11-19 19:49:41,289 [INFO] Wrote batch of size 1304 to SQLite database.
2024-11-19 19:49:41,334 [INFO] Wrote batch of size 1308 to SQLite database.
2024-11-19 19:49:41,374 [INFO] Wrote batch of size 1312 to SQLite database.
2024-11-19 19:49:41,418 [INFO] Wrote batch of size 1318 to SQLite database.
2024-11-19 19:49:41,462 [INFO] Wrote batch of size 1324 to SQLite database.
2024-11-19 19:49:41,504 [INFO] Wrote batch of size 1328 to SQLite database.
2024-11-19 19:49:41,554 [INFO] Wrote batch of size 1333 to SQLite database.
2024-11-19 19:49:41,597 [INFO] Wrote batch of size 1341 to SQLite database.
2024-11-19 19:49:41,644 [INFO] Wrote batch of size 1348 to SQLite database.
2024-11-19 19:49:41,693 [INFO] Wrote batch of size 1352 to SQLite database.
2024-11-19 19:49:41,739 [INFO] Wrote batch of size 1357 to SQLite database.
2024-11-19 19:49:41,782 [INFO] Wrote batch of size 1362 to SQLite database.
2024-11-19 19:49:41,824 [INFO] Wrote batch of size 1366 to SQLite database.
2024-11-19 19:49:41,868 [INFO] Wrote batch of size 1371 to SQLite database.
2024-11-19 19:49:41,912 [INFO] Wrote batch of size 1375 to SQLite database.
2024-11-19 19:49:41,956 [INFO] Wrote batch of size 1379 to SQLite database.
2024-11-19 19:49:41,999 [INFO] Wrote batch of size 1388 to SQLite database.
2024-11-19 19:49:42,043 [INFO] Wrote batch of size 1392 to SQLite database.
2024-11-19 19:49:42,091 [INFO] Wrote batch of size 1396 to SQLite database.
2024-11-19 19:49:42,138 [INFO] Wrote batch of size 1401 to SQLite database.
2024-11-19 19:49:42,185 [INFO] Wrote batch of size 1406 to SQLite database.
2024-11-19 19:49:42,230 [INFO] Wrote batch of size 1410 to SQLite database.
2024-11-19 19:49:42,276 [INFO] Wrote batch of size 1415 to SQLite database.
2024-11-19 19:49:42,324 [INFO] Wrote batch of size 1420 to SQLite database.
2024-11-19 19:49:42,368 [INFO] Wrote batch of size 1424 to SQLite database.
2024-11-19 19:49:42,411 [INFO] Wrote batch of size 1430 to SQLite database.
2024-11-19 19:49:42,457 [INFO] Wrote batch of size 1434 to SQLite database.
2024-11-19 19:49:42,504 [INFO] Wrote batch of size 1439 to SQLite database.
2024-11-19 19:49:42,552 [INFO] Wrote batch of size 1443 to SQLite database.
2024-11-19 19:49:42,598 [INFO] Wrote batch of size 1448 to SQLite database.
2024-11-19 19:49:42,650 [INFO] Wrote batch of size 1453 to SQLite database.
2024-11-19 19:49:42,706 [INFO] Wrote batch of size 1458 to SQLite database.
2024-11-19 19:49:42,757 [INFO] Wrote batch of size 1464 to SQLite database.
2024-11-19 19:49:42,808 [INFO] Wrote batch of size 1471 to SQLite database.
2024-11-19 19:49:42,861 [INFO] Wrote batch of size 1476 to SQLite database.
2024-11-19 19:49:42,910 [INFO] Wrote batch of size 1481 to SQLite database.
2024-11-19 19:49:42,960 [INFO] Wrote batch of size 1486 to SQLite database.
2024-11-19 19:49:43,008 [INFO] Wrote batch of size 1496 to SQLite database.
2024-11-19 19:49:43,061 [INFO] Wrote batch of size 1500 to SQLite database.
2024-11-19 19:49:43,111 [INFO] Wrote batch of size 1506 to SQLite database.
2024-11-19 19:49:43,159 [INFO] Wrote batch of size 1515 to SQLite database.
2024-11-19 19:49:43,207 [INFO] Wrote batch of size 1520 to SQLite database.
2024-11-19 19:49:43,253 [INFO] Wrote batch of size 1532 to SQLite database.
2024-11-19 19:49:43,300 [INFO] Wrote batch of size 1536 to SQLite database.
2024-11-19 19:49:43,347 [INFO] Wrote batch of size 1541 to SQLite database.
2024-11-19 19:49:43,395 [INFO] Wrote batch of size 1546 to SQLite database.
2024-11-19 19:49:43,443 [INFO] Wrote batch of size 1551 to SQLite database.
2024-11-19 19:49:43,496 [INFO] Wrote batch of size 1555 to SQLite database.
2024-11-19 19:49:43,545 [INFO] Wrote batch of size 1564 to SQLite database.
2024-11-19 19:49:43,596 [INFO] Wrote batch of size 1569 to SQLite database.
2024-11-19 19:49:43,642 [INFO] Wrote batch of size 1576 to SQLite database.
2024-11-19 19:49:43,692 [INFO] Wrote batch of size 1582 to SQLite database.
2024-11-19 19:49:43,747 [INFO] Wrote batch of size 1587 to SQLite database.
2024-11-19 19:49:43,802 [INFO] Wrote batch of size 1595 to SQLite database.
2024-11-19 19:49:43,852 [INFO] Wrote batch of size 1600 to SQLite database.
2024-11-19 19:49:43,902 [INFO] Wrote batch of size 1605 to SQLite database.
2024-11-19 19:49:43,952 [INFO] Wrote batch of size 1610 to SQLite database.
2024-11-19 19:49:44,004 [INFO] Wrote batch of size 1615 to SQLite database.
2024-11-19 19:49:44,063 [INFO] Wrote batch of size 1620 to SQLite database.
2024-11-19 19:49:44,116 [INFO] Wrote batch of size 1631 to SQLite database.
2024-11-19 19:49:44,167 [INFO] Wrote batch of size 1637 to SQLite database.
2024-11-19 19:49:44,219 [INFO] Wrote batch of size 1642 to SQLite database.
2024-11-19 19:49:44,270 [INFO] Wrote batch of size 1649 to SQLite database.
2024-11-19 19:49:44,324 [INFO] Wrote batch of size 1657 to SQLite database.
2024-11-19 19:49:44,378 [INFO] Wrote batch of size 1662 to SQLite database.
2024-11-19 19:49:44,436 [INFO] Wrote batch of size 1668 to SQLite database.
2024-11-19 19:49:44,489 [INFO] Wrote batch of size 1674 to SQLite database.
2024-11-19 19:49:44,548 [INFO] Wrote batch of size 1679 to SQLite database.
2024-11-19 19:49:44,606 [INFO] Wrote batch of size 1689 to SQLite database.
2024-11-19 19:49:44,661 [INFO] Wrote batch of size 1697 to SQLite database.
2024-11-19 19:49:44,712 [INFO] Wrote batch of size 1702 to SQLite database.
2024-11-19 19:49:44,767 [INFO] Wrote batch of size 1707 to SQLite database.
2024-11-19 19:49:44,820 [INFO] Wrote batch of size 1713 to SQLite database.
2024-11-19 19:49:44,873 [INFO] Wrote batch of size 1718 to SQLite database.
2024-11-19 19:49:44,930 [INFO] Wrote batch of size 1723 to SQLite database.
2024-11-19 19:49:44,985 [INFO] Wrote batch of size 1729 to SQLite database.
2024-11-19 19:49:45,042 [INFO] Wrote batch of size 1735 to SQLite database.
2024-11-19 19:49:45,105 [INFO] Wrote batch of size 1743 to SQLite database.
2024-11-19 19:49:45,164 [INFO] Wrote batch of size 1752 to SQLite database.
2024-11-19 19:49:45,221 [INFO] Wrote batch of size 1757 to SQLite database.
2024-11-19 19:49:45,280 [INFO] Wrote batch of size 1765 to SQLite database.
2024-11-19 19:49:45,335 [INFO] Wrote batch of size 1774 to SQLite database.
2024-11-19 19:49:45,389 [INFO] Wrote batch of size 1780 to SQLite database.
2024-11-19 19:49:45,448 [INFO] Wrote batch of size 1785 to SQLite database.
2024-11-19 19:49:45,513 [INFO] Wrote batch of size 1791 to SQLite database.
2024-11-19 19:49:45,576 [INFO] Wrote batch of size 1797 to SQLite database.
2024-11-19 19:49:45,634 [INFO] Wrote batch of size 1804 to SQLite database.
2024-11-19 19:49:45,700 [INFO] Wrote batch of size 1813 to SQLite database.
2024-11-19 19:49:45,754 [INFO] Wrote batch of size 1824 to SQLite database.
2024-11-19 19:49:45,814 [INFO] Wrote batch of size 1836 to SQLite database.
2024-11-19 19:49:45,873 [INFO] Wrote batch of size 1841 to SQLite database.
2024-11-19 19:49:45,935 [INFO] Wrote batch of size 1849 to SQLite database.
2024-11-19 19:49:45,997 [INFO] Wrote batch of size 1857 to SQLite database.
2024-11-19 19:49:46,056 [INFO] Wrote batch of size 1865 to SQLite database.
2024-11-19 19:49:46,119 [INFO] Wrote batch of size 1871 to SQLite database.
2024-11-19 19:49:46,182 [INFO] Wrote batch of size 1877 to SQLite database.
2024-11-19 19:49:46,243 [INFO] Wrote batch of size 1885 to SQLite database.
2024-11-19 19:49:46,305 [INFO] Wrote batch of size 1891 to SQLite database.
2024-11-19 19:49:46,369 [INFO] Wrote batch of size 1898 to SQLite database.
2024-11-19 19:49:46,435 [INFO] Wrote batch of size 1904 to SQLite database.
2024-11-19 19:49:46,501 [INFO] Wrote batch of size 1911 to SQLite database.
2024-11-19 19:49:46,573 [INFO] Wrote batch of size 1917 to SQLite database.
2024-11-19 19:49:46,637 [INFO] Wrote batch of size 1925 to SQLite database.
2024-11-19 19:49:46,701 [INFO] Wrote batch of size 1932 to SQLite database.
2024-11-19 19:49:46,772 [INFO] Wrote batch of size 1938 to SQLite database.
2024-11-19 19:49:46,839 [INFO] Wrote batch of size 1946 to SQLite database.
2024-11-19 19:49:46,906 [INFO] Wrote batch of size 1954 to SQLite database.
2024-11-19 19:49:46,968 [INFO] Wrote batch of size 1961 to SQLite database.
2024-11-19 19:49:47,031 [INFO] Wrote batch of size 1967 to SQLite database.
2024-11-19 19:49:47,094 [INFO] Wrote batch of size 1973 to SQLite database.
2024-11-19 19:49:47,162 [INFO] Wrote batch of size 1981 to SQLite database.
2024-11-19 19:49:47,223 [INFO] Wrote batch of size 1988 to SQLite database.
2024-11-19 19:49:47,289 [INFO] Wrote batch of size 1994 to SQLite database.
2024-11-19 19:49:47,357 [INFO] Wrote batch of size 2002 to SQLite database.
2024-11-19 19:49:47,424 [INFO] Wrote batch of size 2009 to SQLite database.
2024-11-19 19:49:47,486 [INFO] Wrote batch of size 2016 to SQLite database.
2024-11-19 19:49:47,550 [INFO] Wrote batch of size 2022 to SQLite database.
2024-11-19 19:49:47,619 [INFO] Wrote batch of size 2028 to SQLite database.
2024-11-19 19:49:47,680 [INFO] Wrote batch of size 2035 to SQLite database.
2024-11-19 19:49:47,739 [INFO] Wrote batch of size 2043 to SQLite database.
2024-11-19 19:49:47,807 [INFO] Wrote batch of size 2052 to SQLite database.
2024-11-19 19:49:47,879 [INFO] Wrote batch of size 2059 to SQLite database.
2024-11-19 19:49:47,942 [INFO] Wrote batch of size 2070 to SQLite database.
2024-11-19 19:49:48,009 [INFO] Wrote batch of size 2076 to SQLite database.
2024-11-19 19:49:48,080 [INFO] Wrote batch of size 2083 to SQLite database.
2024-11-19 19:49:48,148 [INFO] Wrote batch of size 2092 to SQLite database.
2024-11-19 19:49:48,221 [INFO] Wrote batch of size 2099 to SQLite database.
2024-11-19 19:49:48,287 [INFO] Wrote batch of size 2106 to SQLite database.
2024-11-19 19:49:48,355 [INFO] Wrote batch of size 2113 to SQLite database.
2024-11-19 19:49:48,432 [INFO] Wrote batch of size 2120 to SQLite database.
2024-11-19 19:49:48,506 [INFO] Wrote batch of size 2128 to SQLite database.
2024-11-19 19:49:48,583 [INFO] Wrote batch of size 2136 to SQLite database.
2024-11-19 19:49:48,662 [INFO] Wrote batch of size 2143 to SQLite database.
2024-11-19 19:49:48,744 [INFO] Wrote batch of size 2154 to SQLite database.
2024-11-19 19:49:48,827 [INFO] Wrote batch of size 2162 to SQLite database.
2024-11-19 19:49:48,897 [INFO] Wrote batch of size 2173 to SQLite database.
2024-11-19 19:49:48,979 [INFO] Wrote batch of size 2180 to SQLite database.
2024-11-19 19:49:49,072 [INFO] Wrote batch of size 2188 to SQLite database.
2024-11-19 19:49:49,163 [INFO] Wrote batch of size 2198 to SQLite database.
2024-11-19 19:49:49,249 [INFO] Wrote batch of size 2208 to SQLite database.
2024-11-19 19:49:49,334 [INFO] Wrote batch of size 2223 to SQLite database.
2024-11-19 19:49:49,410 [INFO] Wrote batch of size 2231 to SQLite database.
2024-11-19 19:49:49,491 [INFO] Wrote batch of size 2239 to SQLite database.
2024-11-19 19:49:49,574 [INFO] Wrote batch of size 2249 to SQLite database.
2024-11-19 19:49:49,649 [INFO] Wrote batch of size 2260 to SQLite database.
2024-11-19 19:49:49,729 [INFO] Wrote batch of size 2268 to SQLite database.
2024-11-19 19:49:49,810 [INFO] Wrote batch of size 2280 to SQLite database.
2024-11-19 19:49:49,885 [INFO] Wrote batch of size 2288 to SQLite database.
2024-11-19 19:49:49,970 [INFO] Wrote batch of size 2296 to SQLite database.
2024-11-19 19:49:50,058 [INFO] Wrote batch of size 2306 to SQLite database.
2024-11-19 19:49:50,139 [INFO] Wrote batch of size 2316 to SQLite database.
2024-11-19 19:49:50,216 [INFO] Wrote batch of size 2324 to SQLite database.
2024-11-19 19:49:50,296 [INFO] Wrote batch of size 2332 to SQLite database.
2024-11-19 19:49:50,372 [INFO] Wrote batch of size 2343 to SQLite database.
2024-11-19 19:49:50,449 [INFO] Wrote batch of size 2351 to SQLite database.
2024-11-19 19:49:50,534 [INFO] Wrote batch of size 2359 to SQLite database.
2024-11-19 19:49:50,612 [INFO] Wrote batch of size 2367 to SQLite database.
2024-11-19 19:49:50,693 [INFO] Wrote batch of size 2375 to SQLite database.
2024-11-19 19:49:50,770 [INFO] Wrote batch of size 2385 to SQLite database.
2024-11-19 19:49:50,848 [INFO] Wrote batch of size 2393 to SQLite database.
2024-11-19 19:49:50,927 [INFO] Wrote batch of size 2403 to SQLite database.
2024-11-19 19:49:51,003 [INFO] Wrote batch of size 2411 to SQLite database.
2024-11-19 19:49:51,086 [INFO] Wrote batch of size 2419 to SQLite database.
2024-11-19 19:49:51,169 [INFO] Wrote batch of size 2428 to SQLite database.
2024-11-19 19:49:51,246 [INFO] Wrote batch of size 2436 to SQLite database.
2024-11-19 19:49:51,338 [INFO] Wrote batch of size 2444 to SQLite database.
2024-11-19 19:49:51,450 [INFO] Wrote batch of size 2453 to SQLite database.
2024-11-19 19:49:51,533 [INFO] Wrote batch of size 2469 to SQLite database.
2024-11-19 19:49:51,609 [INFO] Wrote batch of size 2478 to SQLite database.
2024-11-19 19:49:51,693 [INFO] Wrote batch of size 2486 to SQLite database.
2024-11-19 19:49:51,773 [INFO] Wrote batch of size 2496 to SQLite database.
2024-11-19 19:49:51,856 [INFO] Wrote batch of size 2504 to SQLite database.
2024-11-19 19:49:51,935 [INFO] Wrote batch of size 2518 to SQLite database.
2024-11-19 19:49:52,018 [INFO] Wrote batch of size 2529 to SQLite database.
2024-11-19 19:49:52,099 [INFO] Wrote batch of size 2537 to SQLite database.
2024-11-19 19:49:52,191 [INFO] Wrote batch of size 2545 to SQLite database.
2024-11-19 19:49:52,278 [INFO] Wrote batch of size 2558 to SQLite database.
2024-11-19 19:49:52,375 [INFO] Wrote batch of size 2567 to SQLite database.
2024-11-19 19:49:52,485 [INFO] Wrote batch of size 2577 to SQLite database.
2024-11-19 19:49:52,577 [INFO] Wrote batch of size 2587 to SQLite database.
2024-11-19 19:49:52,674 [INFO] Wrote batch of size 2597 to SQLite database.
2024-11-19 19:49:52,763 [INFO] Wrote batch of size 2610 to SQLite database.
2024-11-19 19:49:52,863 [INFO] Wrote batch of size 2621 to SQLite database.
2024-11-19 19:49:52,981 [INFO] Wrote batch of size 2633 to SQLite database.
2024-11-19 19:49:53,070 [INFO] Wrote batch of size 2647 to SQLite database.
2024-11-19 19:49:53,155 [INFO] Wrote batch of size 2657 to SQLite database.
2024-11-19 19:49:53,249 [INFO] Wrote batch of size 2666 to SQLite database.
2024-11-19 19:49:53,335 [INFO] Wrote batch of size 2675 to SQLite database.
2024-11-19 19:49:53,432 [INFO] Wrote batch of size 2687 to SQLite database.
2024-11-19 19:49:53,526 [INFO] Wrote batch of size 2700 to SQLite database.
2024-11-19 19:49:53,629 [INFO] Wrote batch of size 2714 to SQLite database.
2024-11-19 19:49:53,716 [INFO] Wrote batch of size 2723 to SQLite database.
2024-11-19 19:49:53,810 [INFO] Wrote batch of size 2736 to SQLite database.
2024-11-19 19:49:53,909 [INFO] Wrote batch of size 2745 to SQLite database.
2024-11-19 19:49:53,998 [INFO] Wrote batch of size 2755 to SQLite database.
2024-11-19 19:49:54,094 [INFO] Wrote batch of size 2765 to SQLite database.
2024-11-19 19:49:54,191 [INFO] Wrote batch of size 2777 to SQLite database.
2024-11-19 19:49:54,282 [INFO] Wrote batch of size 2787 to SQLite database.
2024-11-19 19:49:54,388 [INFO] Wrote batch of size 2796 to SQLite database.
2024-11-19 19:49:54,478 [INFO] Wrote batch of size 2809 to SQLite database.
2024-11-19 19:49:54,570 [INFO] Wrote batch of size 2822 to SQLite database.
2024-11-19 19:49:54,673 [INFO] Wrote batch of size 2833 to SQLite database.
2024-11-19 19:49:54,768 [INFO] Wrote batch of size 2845 to SQLite database.
2024-11-19 19:49:54,863 [INFO] Wrote batch of size 2857 to SQLite database.
2024-11-19 19:49:54,959 [INFO] Wrote batch of size 2866 to SQLite database.
2024-11-19 19:49:55,065 [INFO] Wrote batch of size 2876 to SQLite database.
2024-11-19 19:49:55,163 [INFO] Wrote batch of size 2888 to SQLite database.
2024-11-19 19:49:55,270 [INFO] Wrote batch of size 2899 to SQLite database.
2024-11-19 19:49:55,362 [INFO] Wrote batch of size 2911 to SQLite database.
2024-11-19 19:49:55,466 [INFO] Wrote batch of size 2922 to SQLite database.
2024-11-19 19:49:55,570 [INFO] Wrote batch of size 2940 to SQLite database.
2024-11-19 19:49:55,667 [INFO] Wrote batch of size 2952 to SQLite database.
2024-11-19 19:49:55,764 [INFO] Wrote batch of size 2962 to SQLite database.
2024-11-19 19:49:55,867 [INFO] Wrote batch of size 2971 to SQLite database.
2024-11-19 19:49:55,969 [INFO] Wrote batch of size 2983 to SQLite database.
2024-11-19 19:49:56,078 [INFO] Wrote batch of size 2993 to SQLite database.
2024-11-19 19:49:56,176 [INFO] Wrote batch of size 3012 to SQLite database.
2024-11-19 19:49:56,273 [INFO] Wrote batch of size 3022 to SQLite database.
2024-11-19 19:49:56,371 [INFO] Wrote batch of size 3031 to SQLite database.
2024-11-19 19:49:56,474 [INFO] Wrote batch of size 3045 to SQLite database.
2024-11-19 19:49:56,575 [INFO] Wrote batch of size 3059 to SQLite database.
2024-11-19 19:49:56,683 [INFO] Wrote batch of size 3068 to SQLite database.
2024-11-19 19:49:56,788 [INFO] Wrote batch of size 3087 to SQLite database.
2024-11-19 19:49:56,902 [INFO] Wrote batch of size 3098 to SQLite database.
2024-11-19 19:49:57,004 [INFO] Wrote batch of size 3109 to SQLite database.
2024-11-19 19:49:57,114 [INFO] Wrote batch of size 3123 to SQLite database.
2024-11-19 19:49:57,252 [INFO] Wrote batch of size 3139 to SQLite database.
2024-11-19 19:49:57,388 [INFO] Wrote batch of size 3156 to SQLite database.
2024-11-19 19:49:57,502 [INFO] Wrote batch of size 3172 to SQLite database.
2024-11-19 19:49:57,607 [INFO] Wrote batch of size 3186 to SQLite database.
2024-11-19 19:49:57,731 [INFO] Wrote batch of size 3197 to SQLite database.
2024-11-19 19:49:57,903 [INFO] Wrote batch of size 3209 to SQLite database.
2024-11-19 19:49:58,008 [INFO] Wrote batch of size 3226 to SQLite database.
2024-11-19 19:49:58,117 [INFO] Wrote batch of size 3238 to SQLite database.
2024-11-19 19:49:58,223 [INFO] Wrote batch of size 3253 to SQLite database.
2024-11-19 19:49:58,338 [INFO] Wrote batch of size 3267 to SQLite database.
2024-11-19 19:49:58,451 [INFO] Wrote batch of size 3281 to SQLite database.
2024-11-19 19:49:58,565 [INFO] Wrote batch of size 3296 to SQLite database.
2024-11-19 19:49:58,675 [INFO] Wrote batch of size 3310 to SQLite database.
2024-11-19 19:49:58,790 [INFO] Wrote batch of size 3326 to SQLite database.
2024-11-19 19:49:58,898 [INFO] Wrote batch of size 3340 to SQLite database.
2024-11-19 19:49:59,012 [INFO] Wrote batch of size 3351 to SQLite database.
2024-11-19 19:49:59,143 [INFO] Wrote batch of size 3362 to SQLite database.
2024-11-19 19:49:59,264 [INFO] Wrote batch of size 3376 to SQLite database.
2024-11-19 19:49:59,383 [INFO] Wrote batch of size 3389 to SQLite database.
2024-11-19 19:49:59,517 [INFO] Wrote batch of size 3400 to SQLite database.
2024-11-19 19:49:59,648 [INFO] Wrote batch of size 3414 to SQLite database.
2024-11-19 19:49:59,780 [INFO] Wrote batch of size 3431 to SQLite database.
2024-11-19 19:49:59,908 [INFO] Wrote batch of size 3450 to SQLite database.
2024-11-19 19:50:00,047 [INFO] Wrote batch of size 3463 to SQLite database.
2024-11-19 19:50:00,166 [INFO] Wrote batch of size 3479 to SQLite database.
2024-11-19 19:50:00,284 [INFO] Wrote batch of size 3491 to SQLite database.
2024-11-19 19:50:00,401 [INFO] Wrote batch of size 3504 to SQLite database.
2024-11-19 19:50:00,518 [INFO] Wrote batch of size 3521 to SQLite database.
2024-11-19 19:50:00,645 [INFO] Wrote batch of size 3535 to SQLite database.
2024-11-19 19:50:00,764 [INFO] Wrote batch of size 3548 to SQLite database.
2024-11-19 19:50:00,906 [INFO] Wrote batch of size 3562 to SQLite database.
2024-11-19 19:50:01,032 [INFO] Wrote batch of size 3578 to SQLite database.
2024-11-19 19:50:01,158 [INFO] Wrote batch of size 3592 to SQLite database.
2024-11-19 19:50:01,282 [INFO] Wrote batch of size 3608 to SQLite database.
2024-11-19 19:50:01,404 [INFO] Wrote batch of size 3620 to SQLite database.
2024-11-19 19:50:01,529 [INFO] Wrote batch of size 3632 to SQLite database.
2024-11-19 19:50:01,669 [INFO] Wrote batch of size 3645 to SQLite database.
2024-11-19 19:50:01,833 [INFO] Wrote batch of size 3663 to SQLite database.
2024-11-19 19:50:01,999 [INFO] Wrote batch of size 3682 to SQLite database.
2024-11-19 19:50:02,118 [INFO] Wrote batch of size 3705 to SQLite database.
2024-11-19 19:50:02,245 [INFO] Wrote batch of size 3722 to SQLite database.
2024-11-19 19:50:02,384 [INFO] Wrote batch of size 3735 to SQLite database.
2024-11-19 19:50:02,543 [INFO] Wrote batch of size 3748 to SQLite database.
2024-11-19 19:50:02,664 [INFO] Wrote batch of size 3766 to SQLite database.
2024-11-19 19:50:02,800 [INFO] Wrote batch of size 3781 to SQLite database.
2024-11-19 19:50:02,924 [INFO] Wrote batch of size 3797 to SQLite database.
2024-11-19 19:50:03,049 [INFO] Wrote batch of size 3817 to SQLite database.
2024-11-19 19:50:03,174 [INFO] Wrote batch of size 3830 to SQLite database.
2024-11-19 19:50:03,297 [INFO] Wrote batch of size 3843 to SQLite database.
2024-11-19 19:50:03,435 [INFO] Wrote batch of size 3856 to SQLite database.
2024-11-19 19:50:03,566 [INFO] Wrote batch of size 3872 to SQLite database.
2024-11-19 19:50:03,689 [INFO] Wrote batch of size 3893 to SQLite database.
2024-11-19 19:50:03,828 [INFO] Wrote batch of size 3905 to SQLite database.
2024-11-19 19:50:03,963 [INFO] Wrote batch of size 3922 to SQLite database.
2024-11-19 19:50:04,094 [INFO] Wrote batch of size 3937 to SQLite database.
2024-11-19 19:50:04,224 [INFO] Wrote batch of size 3950 to SQLite database.
2024-11-19 19:50:04,351 [INFO] Wrote batch of size 3969 to SQLite database.
2024-11-19 19:50:04,484 [INFO] Wrote batch of size 3982 to SQLite database.
2024-11-19 19:50:04,623 [INFO] Wrote batch of size 3995 to SQLite database.
2024-11-19 19:50:04,758 [INFO] Wrote batch of size 4011 to SQLite database.
2024-11-19 19:50:04,892 [INFO] Wrote batch of size 4026 to SQLite database.
2024-11-19 19:50:05,025 [INFO] Wrote batch of size 4040 to SQLite database.
2024-11-19 19:50:05,169 [INFO] Wrote batch of size 4055 to SQLite database.
2024-11-19 19:50:05,302 [INFO] Wrote batch of size 4074 to SQLite database.
2024-11-19 19:50:05,435 [INFO] Wrote batch of size 4089 to SQLite database.
2024-11-19 19:50:05,573 [INFO] Wrote batch of size 4103 to SQLite database.
2024-11-19 19:50:05,707 [INFO] Wrote batch of size 4116 to SQLite database.
2024-11-19 19:50:05,851 [INFO] Wrote batch of size 4130 to SQLite database.
2024-11-19 19:50:05,986 [INFO] Wrote batch of size 4146 to SQLite database.
2024-11-19 19:50:06,130 [INFO] Wrote batch of size 4165 to SQLite database.
2024-11-19 19:50:06,270 [INFO] Wrote batch of size 4183 to SQLite database.
2024-11-19 19:50:06,424 [INFO] Wrote batch of size 4197 to SQLite database.
2024-11-19 19:50:06,566 [INFO] Wrote batch of size 4213 to SQLite database.
2024-11-19 19:50:06,709 [INFO] Wrote batch of size 4233 to SQLite database.
2024-11-19 19:50:06,851 [INFO] Wrote batch of size 4247 to SQLite database.
2024-11-19 19:50:06,989 [INFO] Wrote batch of size 4265 to SQLite database.
2024-11-19 19:50:07,129 [INFO] Wrote batch of size 4279 to SQLite database.
2024-11-19 19:50:07,300 [INFO] Wrote batch of size 4293 to SQLite database.
2024-11-19 19:50:07,505 [INFO] Wrote batch of size 4310 to SQLite database.
2024-11-19 19:50:07,657 [INFO] Wrote batch of size 4339 to SQLite database.
2024-11-19 19:50:07,810 [INFO] Wrote batch of size 4358 to SQLite database.
2024-11-19 19:50:07,976 [INFO] Wrote batch of size 4373 to SQLite database.
2024-11-19 19:50:08,120 [INFO] Wrote batch of size 4390 to SQLite database.
2024-11-19 19:50:08,280 [INFO] Wrote batch of size 4409 to SQLite database.
2024-11-19 19:50:08,435 [INFO] Wrote batch of size 4428 to SQLite database.
2024-11-19 19:50:08,580 [INFO] Wrote batch of size 4452 to SQLite database.
2024-11-19 19:50:08,726 [INFO] Wrote batch of size 4466 to SQLite database.
2024-11-19 19:50:08,880 [INFO] Wrote batch of size 4481 to SQLite database.
2024-11-19 19:50:09,030 [INFO] Wrote batch of size 4496 to SQLite database.
2024-11-19 19:50:09,191 [INFO] Wrote batch of size 4513 to SQLite database.
2024-11-19 19:50:09,346 [INFO] Wrote batch of size 4529 to SQLite database.
2024-11-19 19:50:09,515 [INFO] Wrote batch of size 4546 to SQLite database.
2024-11-19 19:50:09,666 [INFO] Wrote batch of size 4567 to SQLite database.
2024-11-19 19:50:09,821 [INFO] Wrote batch of size 4586 to SQLite database.
2024-11-19 19:50:09,975 [INFO] Wrote batch of size 4604 to SQLite database.
2024-11-19 19:50:10,132 [INFO] Wrote batch of size 4619 to SQLite database.
2024-11-19 19:50:10,283 [INFO] Wrote batch of size 4635 to SQLite database.
2024-11-19 19:50:10,438 [INFO] Wrote batch of size 4656 to SQLite database.
2024-11-19 19:50:10,591 [INFO] Wrote batch of size 4680 to SQLite database.
2024-11-19 19:50:10,750 [INFO] Wrote batch of size 4696 to SQLite database.
2024-11-19 19:50:10,904 [INFO] Wrote batch of size 4711 to SQLite database.
2024-11-19 19:50:11,059 [INFO] Wrote batch of size 4729 to SQLite database.
2024-11-19 19:50:11,216 [INFO] Wrote batch of size 4749 to SQLite database.
2024-11-19 19:50:11,380 [INFO] Wrote batch of size 4767 to SQLite database.
2024-11-19 19:50:11,542 [INFO] Wrote batch of size 4783 to SQLite database.
2024-11-19 19:50:11,697 [INFO] Wrote batch of size 4800 to SQLite database.
2024-11-19 19:50:11,856 [INFO] Wrote batch of size 4819 to SQLite database.
2024-11-19 19:50:12,020 [INFO] Wrote batch of size 4840 to SQLite database.
2024-11-19 19:50:12,179 [INFO] Wrote batch of size 4861 to SQLite database.
2024-11-19 19:50:12,335 [INFO] Wrote batch of size 4879 to SQLite database.
2024-11-19 19:50:12,497 [INFO] Wrote batch of size 4901 to SQLite database.
2024-11-19 19:50:12,656 [INFO] Wrote batch of size 4919 to SQLite database.
2024-11-19 19:50:12,826 [INFO] Wrote batch of size 4935 to SQLite database.
2024-11-19 19:50:12,997 [INFO] Wrote batch of size 4954 to SQLite database.
2024-11-19 19:50:13,169 [INFO] Wrote batch of size 4978 to SQLite database.
2024-11-19 19:50:13,334 [INFO] Wrote batch of size 4998 to SQLite database.
2024-11-19 19:50:13,506 [INFO] Wrote batch of size 5014 to SQLite database.
2024-11-19 19:50:13,673 [INFO] Wrote batch of size 5032 to SQLite database.
2024-11-19 19:50:13,841 [INFO] Wrote batch of size 5048 to SQLite database.
2024-11-19 19:50:14,007 [INFO] Wrote batch of size 5067 to SQLite database.
2024-11-19 19:50:14,172 [INFO] Wrote batch of size 5093 to SQLite database.
2024-11-19 19:50:14,346 [INFO] Wrote batch of size 5112 to SQLite database.
2024-11-19 19:50:14,509 [INFO] Wrote batch of size 5140 to SQLite database.
2024-11-19 19:50:14,674 [INFO] Wrote batch of size 5161 to SQLite database.
2024-11-19 19:50:14,849 [INFO] Wrote batch of size 5185 to SQLite database.
2024-11-19 19:50:15,018 [INFO] Wrote batch of size 5205 to SQLite database.
2024-11-19 19:50:15,188 [INFO] Wrote batch of size 5222 to SQLite database.
2024-11-19 19:50:15,355 [INFO] Wrote batch of size 5241 to SQLite database.
2024-11-19 19:50:15,532 [INFO] Wrote batch of size 5266 to SQLite database.
2024-11-19 19:50:15,702 [INFO] Wrote batch of size 5290 to SQLite database.
2024-11-19 19:50:15,877 [INFO] Wrote batch of size 5310 to SQLite database.
2024-11-19 19:50:16,058 [INFO] Wrote batch of size 5328 to SQLite database.
2024-11-19 19:50:16,239 [INFO] Wrote batch of size 5346 to SQLite database.
2024-11-19 19:50:16,425 [INFO] Wrote batch of size 5369 to SQLite database.
2024-11-19 19:50:16,612 [INFO] Wrote batch of size 5387 to SQLite database.
2024-11-19 19:50:16,801 [INFO] Wrote batch of size 5411 to SQLite database.
2024-11-19 19:50:16,990 [INFO] Wrote batch of size 5435 to SQLite database.
2024-11-19 19:50:17,215 [INFO] Wrote batch of size 5459 to SQLite database.
2024-11-19 19:50:17,401 [INFO] Wrote batch of size 5483 to SQLite database.
2024-11-19 19:50:17,590 [INFO] Wrote batch of size 5504 to SQLite database.
2024-11-19 19:50:17,790 [INFO] Wrote batch of size 5528 to SQLite database.
2024-11-19 19:50:17,989 [INFO] Wrote batch of size 5548 to SQLite database.
2024-11-19 19:50:18,190 [INFO] Wrote batch of size 5581 to SQLite database.
2024-11-19 19:50:18,393 [INFO] Wrote batch of size 5601 to SQLite database.
2024-11-19 19:50:18,579 [INFO] Wrote batch of size 5623 to SQLite database.
2024-11-19 19:50:18,776 [INFO] Wrote batch of size 5642 to SQLite database.
2024-11-19 19:50:18,971 [INFO] Wrote batch of size 5662 to SQLite database.
2024-11-19 19:50:19,180 [INFO] Wrote batch of size 5686 to SQLite database.
2024-11-19 19:50:19,415 [INFO] Wrote batch of size 5713 to SQLite database.
2024-11-19 19:50:19,616 [INFO] Wrote batch of size 5738 to SQLite database.
2024-11-19 19:50:19,847 [INFO] Wrote batch of size 5762 to SQLite database.
2024-11-19 19:50:20,062 [INFO] Wrote batch of size 5786 to SQLite database.
2024-11-19 19:50:20,268 [INFO] Wrote batch of size 5809 to SQLite database.
2024-11-19 19:50:20,473 [INFO] Wrote batch of size 5836 to SQLite database.
2024-11-19 19:50:20,676 [INFO] Wrote batch of size 5856 to SQLite database.
2024-11-19 19:50:20,882 [INFO] Wrote batch of size 5879 to SQLite database.
2024-11-19 19:50:21,116 [INFO] Wrote batch of size 5912 to SQLite database.
2024-11-19 19:50:21,313 [INFO] Wrote batch of size 5938 to SQLite database.
2024-11-19 19:50:21,501 [INFO] Wrote batch of size 5961 to SQLite database.
2024-11-19 19:50:21,716 [INFO] Wrote batch of size 5982 to SQLite database.
2024-11-19 19:50:21,918 [INFO] Wrote batch of size 6004 to SQLite database.
2024-11-19 19:50:22,110 [INFO] Wrote batch of size 6027 to SQLite database.
2024-11-19 19:50:22,311 [INFO] Wrote batch of size 6048 to SQLite database.
2024-11-19 19:50:22,510 [INFO] Wrote batch of size 6077 to SQLite database.
2024-11-19 19:50:22,717 [INFO] Wrote batch of size 6103 to SQLite database.
2024-11-19 19:50:22,915 [INFO] Wrote batch of size 6133 to SQLite database.
2024-11-19 19:50:23,122 [INFO] Wrote batch of size 6154 to SQLite database.
2024-11-19 19:50:23,330 [INFO] Wrote batch of size 6177 to SQLite database.
2024-11-19 19:50:23,539 [INFO] Wrote batch of size 6202 to SQLite database.
2024-11-19 19:50:23,760 [INFO] Wrote batch of size 6230 to SQLite database.
2024-11-19 19:50:23,969 [INFO] Wrote batch of size 6258 to SQLite database.
2024-11-19 19:50:24,167 [INFO] Wrote batch of size 6280 to SQLite database.
2024-11-19 19:50:24,384 [INFO] Wrote batch of size 6303 to SQLite database.
2024-11-19 19:50:24,591 [INFO] Wrote batch of size 6326 to SQLite database.
2024-11-19 19:50:24,815 [INFO] Wrote batch of size 6349 to SQLite database.
2024-11-19 19:50:25,037 [INFO] Wrote batch of size 6379 to SQLite database.
2024-11-19 19:50:25,255 [INFO] Wrote batch of size 6402 to SQLite database.
2024-11-19 19:50:25,471 [INFO] Wrote batch of size 6433 to SQLite database.
2024-11-19 19:50:25,716 [INFO] Wrote batch of size 6456 to SQLite database.
2024-11-19 19:50:25,939 [INFO] Wrote batch of size 6491 to SQLite database.
2024-11-19 19:50:26,175 [INFO] Wrote batch of size 6516 to SQLite database.
2024-11-19 19:50:26,395 [INFO] Wrote batch of size 6553 to SQLite database.
2024-11-19 19:50:26,612 [INFO] Wrote batch of size 6576 to SQLite database.
2024-11-19 19:50:26,838 [INFO] Wrote batch of size 6599 to SQLite database.
2024-11-19 19:50:27,059 [INFO] Wrote batch of size 6631 to SQLite database.
2024-11-19 19:50:27,296 [INFO] Wrote batch of size 6657 to SQLite database.
2024-11-19 19:50:27,523 [INFO] Wrote batch of size 6683 to SQLite database.
2024-11-19 19:50:27,763 [INFO] Wrote batch of size 6710 to SQLite database.
2024-11-19 19:50:28,000 [INFO] Wrote batch of size 6734 to SQLite database.
2024-11-19 19:50:28,221 [INFO] Wrote batch of size 6760 to SQLite database.
2024-11-19 19:50:28,452 [INFO] Wrote batch of size 6787 to SQLite database.
2024-11-19 19:50:28,676 [INFO] Wrote batch of size 6810 to SQLite database.
2024-11-19 19:50:28,909 [INFO] Wrote batch of size 6834 to SQLite database.
2024-11-19 19:50:29,157 [INFO] Wrote batch of size 6868 to SQLite database.
2024-11-19 19:50:29,411 [INFO] Wrote batch of size 6897 to SQLite database.
2024-11-19 19:50:29,658 [INFO] Wrote batch of size 6924 to SQLite database.
2024-11-19 19:50:29,910 [INFO] Wrote batch of size 6949 to SQLite database.
2024-11-19 19:50:30,151 [INFO] Wrote batch of size 6974 to SQLite database.
2024-11-19 19:50:30,386 [INFO] Wrote batch of size 7009 to SQLite database.
2024-11-19 19:50:30,641 [INFO] Wrote batch of size 7043 to SQLite database.
2024-11-19 19:50:30,865 [INFO] Wrote batch of size 7068 to SQLite database.
2024-11-19 19:50:31,117 [INFO] Wrote batch of size 7099 to SQLite database.
2024-11-19 19:50:31,373 [INFO] Wrote batch of size 7136 to SQLite database.
2024-11-19 19:50:31,619 [INFO] Wrote batch of size 7165 to SQLite database.
2024-11-19 19:50:31,880 [INFO] Wrote batch of size 7195 to SQLite database.
2024-11-19 19:50:32,138 [INFO] Wrote batch of size 7233 to SQLite database.
2024-11-19 19:50:32,394 [INFO] Wrote batch of size 7271 to SQLite database.
2024-11-19 19:50:32,653 [INFO] Wrote batch of size 7302 to SQLite database.
2024-11-19 19:50:32,906 [INFO] Wrote batch of size 7337 to SQLite database.
2024-11-19 19:50:33,157 [INFO] Wrote batch of size 7371 to SQLite database.
2024-11-19 19:50:33,423 [INFO] Wrote batch of size 7396 to SQLite database.
2024-11-19 19:50:33,683 [INFO] Wrote batch of size 7422 to SQLite database.
2024-11-19 19:50:33,947 [INFO] Wrote batch of size 7457 to SQLite database.
2024-11-19 19:50:34,199 [INFO] Wrote batch of size 7487 to SQLite database.
2024-11-19 19:50:34,464 [INFO] Wrote batch of size 7513 to SQLite database.
2024-11-19 19:50:34,729 [INFO] Wrote batch of size 7539 to SQLite database.
2024-11-19 19:50:34,967 [INFO] Wrote batch of size 7566 to SQLite database.
2024-11-19 19:50:35,224 [INFO] Wrote batch of size 7593 to SQLite database.
2024-11-19 19:50:35,485 [INFO] Wrote batch of size 7625 to SQLite database.
2024-11-19 19:50:35,791 [INFO] Wrote batch of size 7654 to SQLite database.
2024-11-19 19:50:36,057 [INFO] Wrote batch of size 7687 to SQLite database.
2024-11-19 19:50:36,330 [INFO] Wrote batch of size 7717 to SQLite database.
2024-11-19 19:50:36,593 [INFO] Wrote batch of size 7746 to SQLite database.
2024-11-19 19:50:36,873 [INFO] Wrote batch of size 7776 to SQLite database.
2024-11-19 19:50:37,142 [INFO] Wrote batch of size 7819 to SQLite database.
2024-11-19 19:50:37,426 [INFO] Wrote batch of size 7851 to SQLite database.
2024-11-19 19:50:37,694 [INFO] Wrote batch of size 7883 to SQLite database.
2024-11-19 19:50:37,980 [INFO] Wrote batch of size 7914 to SQLite database.
2024-11-19 19:50:38,255 [INFO] Wrote batch of size 7957 to SQLite database.
2024-11-19 19:50:38,527 [INFO] Wrote batch of size 7991 to SQLite database.
2024-11-19 19:50:38,782 [INFO] Wrote batch of size 8024 to SQLite database.
2024-11-19 19:50:39,040 [INFO] Wrote batch of size 8049 to SQLite database.
2024-11-19 19:50:39,312 [INFO] Wrote batch of size 8083 to SQLite database.
2024-11-19 19:50:39,594 [INFO] Wrote batch of size 8112 to SQLite database.
2024-11-19 19:50:39,882 [INFO] Wrote batch of size 8143 to SQLite database.
2024-11-19 19:50:40,168 [INFO] Wrote batch of size 8175 to SQLite database.
2024-11-19 19:50:40,445 [INFO] Wrote batch of size 8211 to SQLite database.
2024-11-19 19:50:40,731 [INFO] Wrote batch of size 8244 to SQLite database.
2024-11-19 19:50:41,001 [INFO] Wrote batch of size 8283 to SQLite database.
2024-11-19 19:50:41,286 [INFO] Wrote batch of size 8328 to SQLite database.
2024-11-19 19:50:41,559 [INFO] Wrote batch of size 8359 to SQLite database.
2024-11-19 19:50:41,859 [INFO] Wrote batch of size 8389 to SQLite database.
2024-11-19 19:50:42,139 [INFO] Wrote batch of size 8431 to SQLite database.
2024-11-19 19:50:42,413 [INFO] Wrote batch of size 8463 to SQLite database.
2024-11-19 19:50:42,691 [INFO] Wrote batch of size 8496 to SQLite database.
2024-11-19 19:50:42,969 [INFO] Wrote batch of size 8528 to SQLite database.
2024-11-19 19:50:43,259 [INFO] Wrote batch of size 8558 to SQLite database.
2024-11-19 19:50:43,539 [INFO] Wrote batch of size 8592 to SQLite database.
2024-11-19 19:50:43,861 [INFO] Wrote batch of size 8622 to SQLite database.
2024-11-19 19:50:44,160 [INFO] Wrote batch of size 8663 to SQLite database.
2024-11-19 19:50:44,457 [INFO] Wrote batch of size 8693 to SQLite database.
2024-11-19 19:50:44,742 [INFO] Wrote batch of size 8729 to SQLite database.
2024-11-19 19:50:45,048 [INFO] Wrote batch of size 8762 to SQLite database.
2024-11-19 19:50:45,359 [INFO] Wrote batch of size 8793 to SQLite database.
2024-11-19 19:50:45,650 [INFO] Wrote batch of size 8835 to SQLite database.
2024-11-19 19:50:45,972 [INFO] Wrote batch of size 8866 to SQLite database.
2024-11-19 19:50:46,277 [INFO] Wrote batch of size 8906 to SQLite database.
2024-11-19 19:50:46,591 [INFO] Wrote batch of size 8942 to SQLite database.
2024-11-19 19:50:46,884 [INFO] Wrote batch of size 8980 to SQLite database.
2024-11-19 19:50:47,181 [INFO] Wrote batch of size 9009 to SQLite database.
2024-11-19 19:50:47,490 [INFO] Wrote batch of size 9041 to SQLite database.
2024-11-19 19:50:47,805 [INFO] Wrote batch of size 9073 to SQLite database.
2024-11-19 19:50:48,120 [INFO] Wrote batch of size 9105 to SQLite database.
2024-11-19 19:50:48,480 [INFO] Wrote batch of size 9145 to SQLite database.
2024-11-19 19:50:48,836 [INFO] Wrote batch of size 9185 to SQLite database.
2024-11-19 19:50:49,189 [INFO] Wrote batch of size 9227 to SQLite database.
2024-11-19 19:50:49,513 [INFO] Wrote batch of size 9267 to SQLite database.
2024-11-19 19:50:49,842 [INFO] Wrote batch of size 9301 to SQLite database.
2024-11-19 19:50:50,156 [INFO] Wrote batch of size 9339 to SQLite database.
2024-11-19 19:50:50,469 [INFO] Wrote batch of size 9374 to SQLite database.
2024-11-19 19:50:50,812 [INFO] Wrote batch of size 9408 to SQLite database.
2024-11-19 19:50:51,148 [INFO] Wrote batch of size 9447 to SQLite database.
2024-11-19 19:50:51,493 [INFO] Wrote batch of size 9489 to SQLite database.
2024-11-19 19:50:51,822 [INFO] Wrote batch of size 9529 to SQLite database.
2024-11-19 19:50:52,152 [INFO] Wrote batch of size 9564 to SQLite database.
2024-11-19 19:50:52,489 [INFO] Wrote batch of size 9602 to SQLite database.
2024-11-19 19:50:52,841 [INFO] Wrote batch of size 9639 to SQLite database.
2024-11-19 19:50:53,170 [INFO] Wrote batch of size 9677 to SQLite database.
2024-11-19 19:50:53,486 [INFO] Wrote batch of size 9716 to SQLite database.
2024-11-19 19:50:53,803 [INFO] Wrote batch of size 9757 to SQLite database.
2024-11-19 19:50:54,124 [INFO] Wrote batch of size 9793 to SQLite database.
2024-11-19 19:50:54,456 [INFO] Wrote batch of size 9826 to SQLite database.
2024-11-19 19:50:54,783 [INFO] Wrote batch of size 9868 to SQLite database.
2024-11-19 19:50:55,116 [INFO] Wrote batch of size 9903 to SQLite database.
2024-11-19 19:50:55,425 [INFO] Wrote batch of size 9937 to SQLite database.
2024-11-19 19:50:55,741 [INFO] Wrote batch of size 9972 to SQLite database.
2024-11-19 19:50:56,068 [INFO] Wrote batch of size 10007 to SQLite database.
2024-11-19 19:50:56,402 [INFO] Wrote batch of size 10049 to SQLite database.
2024-11-19 19:50:56,726 [INFO] Wrote batch of size 10088 to SQLite database.
2024-11-19 19:50:57,076 [INFO] Wrote batch of size 10123 to SQLite database.
2024-11-19 19:50:57,424 [INFO] Wrote batch of size 10177 to SQLite database.
2024-11-19 19:50:57,757 [INFO] Wrote batch of size 10213 to SQLite database.
2024-11-19 19:50:58,080 [INFO] Wrote batch of size 10252 to SQLite database.
2024-11-19 19:50:58,430 [INFO] Wrote batch of size 10287 to SQLite database.
2024-11-19 19:50:58,782 [INFO] Wrote batch of size 10328 to SQLite database.
2024-11-19 19:50:59,145 [INFO] Wrote batch of size 10372 to SQLite database.
2024-11-19 19:50:59,514 [INFO] Wrote batch of size 10415 to SQLite database.
2024-11-19 19:50:59,868 [INFO] Wrote batch of size 10457 to SQLite database.
2024-11-19 19:51:00,227 [INFO] Wrote batch of size 10498 to SQLite database.
2024-11-19 19:51:00,593 [INFO] Wrote batch of size 10541 to SQLite database.
2024-11-19 19:51:00,956 [INFO] Wrote batch of size 10579 to SQLite database.
2024-11-19 19:51:01,343 [INFO] Wrote batch of size 10622 to SQLite database.
2024-11-19 19:51:01,716 [INFO] Wrote batch of size 10668 to SQLite database.
2024-11-19 19:51:02,091 [INFO] Wrote batch of size 10717 to SQLite database.
2024-11-19 19:51:02,451 [INFO] Wrote batch of size 10766 to SQLite database.
2024-11-19 19:51:02,813 [INFO] Wrote batch of size 10810 to SQLite database.
2024-11-19 19:51:03,190 [INFO] Wrote batch of size 10851 to SQLite database.
2024-11-19 19:51:03,570 [INFO] Wrote batch of size 10893 to SQLite database.
2024-11-19 19:51:03,951 [INFO] Wrote batch of size 10939 to SQLite database.
2024-11-19 19:51:04,335 [INFO] Wrote batch of size 10978 to SQLite database.
2024-11-19 19:51:04,724 [INFO] Wrote batch of size 11028 to SQLite database.
2024-11-19 19:51:05,115 [INFO] Wrote batch of size 11078 to SQLite database.
2024-11-19 19:51:05,507 [INFO] Wrote batch of size 11119 to SQLite database.
2024-11-19 19:51:05,895 [INFO] Wrote batch of size 11165 to SQLite database.
2024-11-19 19:51:06,268 [INFO] Wrote batch of size 11211 to SQLite database.
2024-11-19 19:51:06,642 [INFO] Wrote batch of size 11254 to SQLite database.
2024-11-19 19:51:07,042 [INFO] Wrote batch of size 11296 to SQLite database.
2024-11-19 19:51:07,410 [INFO] Wrote batch of size 11342 to SQLite database.
2024-11-19 19:51:07,816 [INFO] Wrote batch of size 11380 to SQLite database.
2024-11-19 19:51:08,209 [INFO] Wrote batch of size 11424 to SQLite database.
2024-11-19 19:51:08,574 [INFO] Wrote batch of size 11473 to SQLite database.
2024-11-19 19:51:08,959 [INFO] Wrote batch of size 11521 to SQLite database.
2024-11-19 19:51:09,343 [INFO] Wrote batch of size 11573 to SQLite database.
2024-11-19 19:51:09,778 [INFO] Wrote batch of size 11620 to SQLite database.
2024-11-19 19:51:10,188 [INFO] Wrote batch of size 11673 to SQLite database.
2024-11-19 19:51:10,581 [INFO] Wrote batch of size 11714 to SQLite database.
2024-11-19 19:51:10,961 [INFO] Wrote batch of size 11756 to SQLite database.
2024-11-19 19:51:11,338 [INFO] Wrote batch of size 11799 to SQLite database.
2024-11-19 19:51:11,709 [INFO] Wrote batch of size 11844 to SQLite database.
2024-11-19 19:51:12,085 [INFO] Wrote batch of size 11887 to SQLite database.
2024-11-19 19:51:12,473 [INFO] Wrote batch of size 11934 to SQLite database.
2024-11-19 19:51:12,882 [INFO] Wrote batch of size 11983 to SQLite database.
2024-11-19 19:51:13,284 [INFO] Wrote batch of size 12030 to SQLite database.
2024-11-19 19:51:13,675 [INFO] Wrote batch of size 12074 to SQLite database.
2024-11-19 19:51:14,093 [INFO] Wrote batch of size 12121 to SQLite database.
2024-11-19 19:51:14,485 [INFO] Wrote batch of size 12165 to SQLite database.
2024-11-19 19:51:14,890 [INFO] Wrote batch of size 12214 to SQLite database.
2024-11-19 19:51:15,297 [INFO] Wrote batch of size 12266 to SQLite database.
2024-11-20 09:19:32,235 - INFO - Initialized SQLite database at D:\NewData\scan_2024_11_20_09_19_28.sqlite with WAL mode
2024-11-20 09:19:41,365 - INFO - Wrote batch of size 1000 to SQLite database
2024-11-20 09:19:50,195 - INFO - Wrote batch of size 1000 to SQLite database
2024-11-20 09:19:58,906 - INFO - Wrote batch of size 1000 to SQLite database
2024-11-20 09:20:07,775 - INFO - Wrote batch of size 1000 to SQLite database
2024-11-20 09:20:16,965 - INFO - Wrote batch of size 1000 to SQLite database
2024-11-20 09:20:25,905 - INFO - Wrote batch of size 1000 to SQLite database
2024-11-20 09:20:34,735 - INFO - Wrote batch of size 1000 to SQLite database
2024-11-20 09:20:43,695 - INFO - Wrote batch of size 1000 to SQLite database
2024-11-20 09:20:52,615 - INFO - Wrote batch of size 1000 to SQLite database
2024-11-20 09:21:01,715 - INFO - Wrote batch of size 1002 to SQLite database
2024-11-20 09:21:10,545 - INFO - Wrote batch of size 1000 to SQLite database
2024-11-20 09:21:19,425 - INFO - Wrote batch of size 1001 to SQLite database
2024-11-20 09:21:28,395 - INFO - Wrote batch of size 1001 to SQLite database
2024-11-20 09:22:33,935 - INFO - Initialized SQLite database at D:\NewData\scan_2024_11_20_09_22_30.sqlite with WAL mode
2024-11-20 09:22:52,058 - INFO - Initialized SQLite database at D:\NewData\scan_2024_11_20_09_22_48.sqlite with WAL mode
2024-11-20 09:23:01,085 - INFO - Wrote batch of size 1000 to SQLite database
2024-11-20 09:23:10,125 - INFO - Wrote batch of size 1000 to SQLite database
2024-11-20 09:23:19,035 - INFO - Wrote batch of size 1000 to SQLite database
2024-11-20 09:23:27,916 - INFO - Wrote batch of size 1000 to SQLite database
2024-11-20 09:23:36,525 - INFO - Wrote batch of size 1000 to SQLite database
2024-11-20 09:23:45,596 - INFO - Wrote batch of size 1000 to SQLite database
2024-11-20 09:23:54,535 - INFO - Wrote batch of size 1000 to SQLite database
2024-11-20 09:24:03,495 - INFO - Wrote batch of size 1003 to SQLite database
2024-11-20 09:24:12,385 - INFO - Wrote batch of size 1000 to SQLite database
2024-11-20 09:24:21,115 - INFO - Wrote batch of size 1000 to SQLite database
2024-11-20 09:24:29,985 - INFO - Wrote batch of size 1000 to SQLite database
2024-11-20 09:24:38,974 - INFO - Wrote batch of size 1000 to SQLite database
2024-11-20 09:24:48,096 - INFO - Wrote batch of size 1000 to SQLite database
2024-11-20 09:24:57,218 - INFO - Wrote batch of size 1000 to SQLite database
2024-11-20 09:25:06,276 - INFO - Wrote batch of size 1000 to SQLite database
2024-11-20 09:25:15,315 - INFO - Wrote batch of size 1000 to SQLite database
2024-11-20 09:25:24,116 - INFO - Wrote batch of size 1000 to SQLite database
2024-11-20 09:25:33,036 - INFO - Wrote batch of size 1000 to SQLite database
2024-11-20 09:25:41,855 - INFO - Wrote batch of size 1000 to SQLite database
2024-11-20 09:25:50,726 - INFO - Wrote batch of size 1000 to SQLite database
2024-11-20 09:25:59,496 - INFO - Wrote batch of size 1000 to SQLite database
2024-11-20 09:26:08,516 - INFO - Wrote batch of size 1001 to SQLite database
2024-11-20 09:26:17,526 - INFO - Wrote batch of size 1000 to SQLite database
2024-11-20 09:26:26,658 - INFO - Wrote batch of size 1000 to SQLite database
2024-11-20 09:26:35,596 - INFO - Wrote batch of size 1002 to SQLite database
2024-11-20 09:26:44,646 - INFO - Wrote batch of size 1000 to SQLite database
2024-11-20 09:26:53,556 - INFO - Wrote batch of size 1000 to SQLite database
2024-11-20 09:27:02,626 - INFO - Wrote batch of size 1000 to SQLite database
2024-11-20 09:27:11,526 - INFO - Wrote batch of size 1000 to SQLite database
2024-11-20 09:27:20,367 - INFO - Wrote batch of size 1000 to SQLite database
2024-11-20 09:27:29,067 - INFO - Wrote batch of size 1000 to SQLite database
2024-11-20 09:27:37,876 - INFO - Wrote batch of size 1000 to SQLite database
2024-11-20 09:27:46,838 - INFO - Wrote batch of size 1000 to SQLite database
2024-11-20 09:27:52,277 - INFO - Exported SQLite to CSV at D:\NewData\scan_2024_11_20_09_22_48.csv
2024-11-20 09:27:55,716 - INFO - Wrote batch of size 1001 to SQLite database
2024-11-20 09:28:04,466 - INFO - Wrote batch of size 1002 to SQLite database
2024-11-20 09:28:13,626 - INFO - Wrote batch of size 1000 to SQLite database
2024-11-20 09:28:22,520 - INFO - Wrote batch of size 1000 to SQLite database
2024-11-20 09:28:31,458 - INFO - Wrote batch of size 1000 to SQLite database
2024-11-20 09:28:40,099 - INFO - Wrote batch of size 1000 to SQLite database
2024-11-20 09:28:49,169 - INFO - Wrote batch of size 1000 to SQLite database
2024-11-20 09:28:58,396 - INFO - Wrote batch of size 1000 to SQLite database
2024-11-20 09:29:07,357 - INFO - Wrote batch of size 1000 to SQLite database
2024-11-20 09:29:16,439 - INFO - Wrote batch of size 1000 to SQLite database
2024-11-20 09:29:25,267 - INFO - Wrote batch of size 1000 to SQLite database
2024-11-20 09:29:34,119 - INFO - Wrote batch of size 1000 to SQLite database
2024-11-20 09:29:43,125 - INFO - Wrote batch of size 1000 to SQLite database
2024-11-20 09:30:13,981 - INFO - Initialized SQLite database at D:\NewData\scan_2024_11_20_09_30_10.sqlite with WAL mode
2024-11-20 09:30:22,974 - INFO - Wrote batch of size 1000 to SQLite database
2024-11-20 09:30:55,005 - INFO - Initialized SQLite database at D:\NewData\scan_2024_11_20_09_30_51.sqlite with WAL mode
2024-11-20 09:31:03,955 - INFO - Wrote batch of size 1000 to SQLite database
2024-11-20 09:31:12,627 - INFO - Wrote batch of size 1000 to SQLite database
2024-11-20 09:31:21,517 - INFO - Wrote batch of size 1000 to SQLite database
2024-11-20 09:31:30,507 - INFO - Wrote batch of size 1000 to SQLite database
2024-11-20 09:31:39,476 - INFO - Wrote batch of size 1000 to SQLite database
2024-11-20 09:31:48,312 - INFO - Wrote batch of size 1000 to SQLite database
2024-11-20 09:31:57,217 - INFO - Wrote batch of size 1000 to SQLite database
2024-11-20 09:32:06,286 - INFO - Wrote batch of size 1000 to SQLite database
2024-11-20 09:32:15,246 - INFO - Wrote batch of size 1001 to SQLite database
2024-11-20 09:32:23,996 - INFO - Wrote batch of size 1000 to SQLite database
2024-11-20 09:32:32,897 - INFO - Wrote batch of size 1000 to SQLite database
2024-11-20 09:32:41,687 - INFO - Wrote batch of size 1000 to SQLite database
2024-11-20 09:32:50,596 - INFO - Wrote batch of size 1000 to SQLite database
2024-11-20 09:32:59,477 - INFO - Wrote batch of size 1001 to SQLite database
2024-11-20 09:33:08,257 - INFO - Wrote batch of size 1002 to SQLite database
2024-11-20 09:33:17,217 - INFO - Wrote batch of size 1000 to SQLite database
2024-11-20 09:33:26,187 - INFO - Wrote batch of size 1002 to SQLite database
2024-11-20 09:33:35,187 - INFO - Wrote batch of size 1000 to SQLite database
2024-11-20 09:33:44,307 - INFO - Wrote batch of size 1000 to SQLite database
2024-11-20 09:33:52,907 - INFO - Wrote batch of size 1000 to SQLite database
2024-11-20 09:34:01,727 - INFO - Wrote batch of size 1000 to SQLite database
2024-11-20 09:34:10,596 - INFO - Wrote batch of size 1000 to SQLite database
2024-11-20 09:34:19,587 - INFO - Wrote batch of size 1000 to SQLite database
2024-11-20 09:34:28,587 - INFO - Wrote batch of size 1000 to SQLite database
2024-11-20 09:34:37,567 - INFO - Wrote batch of size 1000 to SQLite database
2024-11-20 09:34:46,377 - INFO - Wrote batch of size 1000 to SQLite database
2024-11-20 09:34:55,477 - INFO - Wrote batch of size 1000 to SQLite database
2024-11-20 09:35:04,236 - INFO - Wrote batch of size 1000 to SQLite database
2024-11-20 09:35:12,957 - INFO - Wrote batch of size 1000 to SQLite database
2024-11-20 09:35:21,696 - INFO - Wrote batch of size 1000 to SQLite database
2024-11-20 09:35:30,467 - INFO - Wrote batch of size 1000 to SQLite database
2024-11-20 09:35:39,087 - INFO - Wrote batch of size 1000 to SQLite database
2024-11-20 09:35:48,127 - INFO - Wrote batch of size 1000 to SQLite database
2024-11-20 09:35:55,157 - INFO - Exported SQLite to CSV at D:\NewData\scan_2024_11_20_09_30_51.csv
2024-11-20 09:35:56,827 - INFO - Wrote batch of size 1000 to SQLite database
2024-11-20 09:36:06,008 - INFO - Wrote batch of size 1000 to SQLite database
2024-11-20 09:36:14,938 - INFO - Wrote batch of size 1000 to SQLite database
2024-11-20 09:36:23,838 - INFO - Wrote batch of size 1000 to SQLite database
2024-11-20 09:36:32,737 - INFO - Wrote batch of size 1000 to SQLite database
2024-11-20 09:36:41,559 - INFO - Wrote batch of size 1000 to SQLite database
2024-11-20 09:36:50,427 - INFO - Wrote batch of size 1000 to SQLite database
2024-11-20 09:36:59,257 - INFO - Wrote batch of size 1000 to SQLite database
2024-11-20 09:37:08,048 - INFO - Wrote batch of size 1000 to SQLite database
2024-11-20 09:37:17,007 - INFO - Wrote batch of size 1001 to SQLite database
2024-11-20 09:37:25,923 - INFO - Wrote batch of size 1001 to SQLite database
2024-11-20 09:37:34,757 - INFO - Wrote batch of size 1000 to SQLite database
2024-11-20 09:37:43,567 - INFO - Wrote batch of size 1000 to SQLite database
2024-11-20 09:37:52,550 - INFO - Wrote batch of size 1000 to SQLite database
2024-11-20 09:38:01,447 - INFO - Wrote batch of size 1000 to SQLite database
2024-11-20 09:38:10,528 - INFO - Wrote batch of size 1000 to SQLite database
2024-11-20 09:38:19,650 - INFO - Wrote batch of size 1000 to SQLite database
2024-11-20 09:38:28,447 - INFO - Wrote batch of size 1000 to SQLite database
2024-11-20 09:38:37,328 - INFO - Wrote batch of size 1000 to SQLite database
2024-11-20 09:38:46,088 - INFO - Wrote batch of size 1000 to SQLite database
2024-11-20 09:38:54,748 - INFO - Wrote batch of size 1001 to SQLite database
2024-11-20 09:39:03,608 - INFO - Wrote batch of size 1000 to SQLite database
2024-11-20 09:39:12,548 - INFO - Wrote batch of size 1000 to SQLite database
2024-11-20 09:39:21,258 - INFO - Wrote batch of size 1000 to SQLite database
2024-11-20 09:39:30,280 - INFO - Wrote batch of size 1003 to SQLite database
2024-11-20 09:39:39,138 - INFO - Wrote batch of size 1001 to SQLite database
2024-11-20 09:40:01,481 - INFO - Initialized SQLite database at D:\NewData\scan_2024_11_20_09_39_57.sqlite with WAL mode
2024-11-20 09:40:10,389 - INFO - Wrote batch of size 1000 to SQLite database
2024-11-20 09:40:19,527 - INFO - Wrote batch of size 1000 to SQLite database
2024-11-20 09:40:28,517 - INFO - Wrote batch of size 1000 to SQLite database
2024-11-20 09:40:37,748 - INFO - Wrote batch of size 1000 to SQLite database
2024-11-20 09:40:46,837 - INFO - Wrote batch of size 1000 to SQLite database
2024-11-20 09:40:56,107 - INFO - Wrote batch of size 1000 to SQLite database
2024-11-20 09:41:04,967 - INFO - Wrote batch of size 1000 to SQLite database
2024-11-20 09:41:14,038 - INFO - Wrote batch of size 1000 to SQLite database
2024-11-20 09:41:23,108 - INFO - Wrote batch of size 1000 to SQLite database
2024-11-20 09:41:32,180 - INFO - Wrote batch of size 1000 to SQLite database
2024-11-20 09:41:41,210 - INFO - Wrote batch of size 1000 to SQLite database
2024-11-20 09:41:50,228 - INFO - Wrote batch of size 1000 to SQLite database
2024-11-20 09:41:59,287 - INFO - Wrote batch of size 1000 to SQLite database
2024-11-20 09:42:08,399 - INFO - Wrote batch of size 1000 to SQLite database
2024-11-20 09:42:17,578 - INFO - Wrote batch of size 1000 to SQLite database
2024-11-20 09:42:26,770 - INFO - Wrote batch of size 1000 to SQLite database
2024-11-20 09:42:35,551 - INFO - Wrote batch of size 1000 to SQLite database
2024-11-20 09:42:44,628 - INFO - Wrote batch of size 1002 to SQLite database
2024-11-20 09:42:53,878 - INFO - Wrote batch of size 1000 to SQLite database
2024-11-20 09:43:03,058 - INFO - Wrote batch of size 1000 to SQLite database
2024-11-20 09:43:12,059 - INFO - Wrote batch of size 1002 to SQLite database
2024-11-20 09:43:21,179 - INFO - Wrote batch of size 1000 to SQLite database
2024-11-20 09:43:30,159 - INFO - Wrote batch of size 1000 to SQLite database
2024-11-20 09:43:39,499 - INFO - Wrote batch of size 1000 to SQLite database
2024-11-20 09:43:48,568 - INFO - Wrote batch of size 1000 to SQLite database
2024-11-20 09:43:57,668 - INFO - Wrote batch of size 1000 to SQLite database
2024-11-20 09:44:06,918 - INFO - Wrote batch of size 1000 to SQLite database
2024-11-20 09:44:16,088 - INFO - Wrote batch of size 1000 to SQLite database
2024-11-20 09:44:25,148 - INFO - Wrote batch of size 1000 to SQLite database
2024-11-20 09:44:34,429 - INFO - Wrote batch of size 1000 to SQLite database
2024-11-20 09:44:43,619 - INFO - Wrote batch of size 1000 to SQLite database
2024-11-20 09:44:52,669 - INFO - Wrote batch of size 1000 to SQLite database
2024-11-20 09:45:01,651 - INFO - Exported SQLite to CSV at D:\NewData\scan_2024_11_20_09_39_57.csv
2024-11-20 09:45:01,849 - INFO - Wrote batch of size 1000 to SQLite database
2024-11-20 09:45:11,119 - INFO - Wrote batch of size 1000 to SQLite database
2024-11-20 09:45:20,080 - INFO - Wrote batch of size 1000 to SQLite database
2024-11-20 09:45:29,420 - INFO - Wrote batch of size 1000 to SQLite database
2024-11-20 09:45:45,939 - INFO - Initialized SQLite database at D:\NewData\scan_2024_11_20_09_45_43.sqlite with WAL mode
2024-11-20 09:45:55,108 - INFO - Wrote batch of size 1001 to SQLite database
2024-11-20 09:46:04,340 - INFO - Wrote batch of size 1000 to SQLite database
2024-11-20 09:46:13,468 - INFO - Wrote batch of size 1000 to SQLite database
2024-11-20 09:46:22,750 - INFO - Wrote batch of size 1000 to SQLite database
2024-11-20 09:46:31,869 - INFO - Wrote batch of size 1000 to SQLite database
2024-11-20 09:46:41,100 - INFO - Wrote batch of size 1000 to SQLite database
2024-11-20 09:46:50,409 - INFO - Wrote batch of size 1000 to SQLite database
2024-11-20 09:46:59,709 - INFO - Wrote batch of size 1000 to SQLite database
2024-11-20 09:47:08,800 - INFO - Wrote batch of size 1002 to SQLite database
2024-11-20 09:47:17,999 - INFO - Wrote batch of size 1000 to SQLite database
2024-11-20 09:47:27,298 - INFO - Wrote batch of size 1000 to SQLite database
2024-11-20 09:47:36,559 - INFO - Wrote batch of size 1000 to SQLite database
2024-11-20 09:47:45,489 - INFO - Wrote batch of size 1000 to SQLite database
2024-11-20 09:47:54,719 - INFO - Wrote batch of size 1000 to SQLite database
2024-11-20 09:48:04,009 - INFO - Wrote batch of size 1000 to SQLite database
2024-11-20 09:48:13,028 - INFO - Wrote batch of size 1000 to SQLite database
2024-11-20 09:48:22,458 - INFO - Wrote batch of size 1000 to SQLite database
2024-11-20 09:48:31,801 - INFO - Wrote batch of size 1001 to SQLite database
2024-11-20 09:48:40,899 - INFO - Wrote batch of size 1001 to SQLite database
2024-11-20 09:48:50,088 - INFO - Wrote batch of size 1000 to SQLite database
2024-11-20 09:48:58,799 - INFO - Wrote batch of size 1000 to SQLite database
2024-11-20 09:49:08,001 - INFO - Wrote batch of size 1002 to SQLite database
2024-11-20 09:49:17,179 - INFO - Wrote batch of size 1000 to SQLite database
2024-11-20 09:49:26,588 - INFO - Wrote batch of size 1000 to SQLite database
2024-11-20 09:49:35,929 - INFO - Wrote batch of size 1000 to SQLite database
2024-11-20 09:49:45,139 - INFO - Wrote batch of size 1000 to SQLite database
2024-11-20 09:49:54,179 - INFO - Wrote batch of size 1000 to SQLite database
2024-11-20 09:50:03,460 - INFO - Wrote batch of size 1000 to SQLite database
2024-11-20 09:50:12,658 - INFO - Wrote batch of size 1003 to SQLite database
2024-11-20 09:50:21,800 - INFO - Wrote batch of size 1000 to SQLite database
2024-11-20 09:50:30,908 - INFO - Wrote batch of size 1000 to SQLite database
2024-11-20 09:50:40,179 - INFO - Wrote batch of size 1000 to SQLite database
2024-11-20 09:50:46,104 - INFO - Exported SQLite to CSV at D:\NewData\scan_2024_11_20_09_45_43.csv
2024-11-20 09:50:49,540 - INFO - Wrote batch of size 1000 to SQLite database
2024-11-20 09:50:58,809 - INFO - Wrote batch of size 1000 to SQLite database
2024-11-20 09:51:07,979 - INFO - Wrote batch of size 1000 to SQLite database
2024-11-20 09:51:17,338 - INFO - Wrote batch of size 1000 to SQLite database
2024-11-20 09:51:26,630 - INFO - Wrote batch of size 1000 to SQLite database
2024-11-20 09:51:35,710 - INFO - Wrote batch of size 1000 to SQLite database
2024-11-20 09:51:45,029 - INFO - Wrote batch of size 1000 to SQLite database
2024-11-20 09:51:54,219 - INFO - Wrote batch of size 1000 to SQLite database
2024-11-20 09:52:03,489 - INFO - Wrote batch of size 1000 to SQLite database
2024-11-20 09:52:12,659 - INFO - Wrote batch of size 1000 to SQLite database
2024-11-20 09:52:21,929 - INFO - Wrote batch of size 1000 to SQLite database
2024-11-20 09:52:31,059 - INFO - Wrote batch of size 1000 to SQLite database
2024-11-20 09:52:40,369 - INFO - Wrote batch of size 1000 to SQLite database
2024-11-20 09:52:49,344 - INFO - Wrote batch of size 1000 to SQLite database
2024-11-20 09:52:58,590 - INFO - Wrote batch of size 1000 to SQLite database
2024-11-20 09:53:07,809 - INFO - Wrote batch of size 1000 to SQLite database
2024-11-20 09:53:17,069 - INFO - Wrote batch of size 1003 to SQLite database
2024-11-20 09:53:26,229 - INFO - Wrote batch of size 1000 to SQLite database
2024-11-20 09:53:35,544 - INFO - Wrote batch of size 1003 to SQLite database
2024-11-20 09:53:44,870 - INFO - Wrote batch of size 1003 to SQLite database
2024-11-20 09:53:53,907 - INFO - Wrote batch of size 1002 to SQLite database
2024-11-20 09:54:03,281 - INFO - Wrote batch of size 1000 to SQLite database
2024-11-20 09:54:12,509 - INFO - Wrote batch of size 1000 to SQLite database
2024-11-20 09:54:21,499 - INFO - Wrote batch of size 1000 to SQLite database
2024-11-20 09:54:30,824 - INFO - Wrote batch of size 1002 to SQLite database
2024-11-20 09:54:39,899 - INFO - Wrote batch of size 1001 to SQLite database
2024-11-20 09:54:49,309 - INFO - Wrote batch of size 1000 to SQLite database
2024-11-20 09:54:58,660 - INFO - Wrote batch of size 1000 to SQLite database
2024-11-20 09:55:07,779 - INFO - Wrote batch of size 1000 to SQLite database
2024-11-20 09:55:17,149 - INFO - Wrote batch of size 1002 to SQLite database
2024-11-20 09:55:26,350 - INFO - Wrote batch of size 1000 to SQLite database
2024-11-20 09:55:35,729 - INFO - Wrote batch of size 1000 to SQLite database
2024-11-20 09:55:44,960 - INFO - Wrote batch of size 1000 to SQLite database
2024-11-20 09:55:46,456 - INFO - Exported SQLite to CSV at D:\NewData\scan_2024_11_20_09_45_43.csv
2024-11-20 09:55:54,158 - INFO - Wrote batch of size 1000 to SQLite database
2024-11-20 09:56:03,341 - INFO - Wrote batch of size 1000 to SQLite database
2024-11-20 09:56:12,510 - INFO - Wrote batch of size 1000 to SQLite database
2024-11-20 09:56:21,779 - INFO - Wrote batch of size 1000 to SQLite database
2024-11-20 09:56:31,070 - INFO - Wrote batch of size 1000 to SQLite database
2024-11-20 09:56:40,250 - INFO - Wrote batch of size 1000 to SQLite database
2024-11-20 09:56:49,539 - INFO - Wrote batch of size 1000 to SQLite database
2024-11-20 09:56:58,689 - INFO - Wrote batch of size 1000 to SQLite database
2024-11-20 09:57:07,650 - INFO - Wrote batch of size 1000 to SQLite database
2024-11-20 09:57:16,891 - INFO - Wrote batch of size 1000 to SQLite database
2024-11-20 09:57:26,220 - INFO - Wrote batch of size 1000 to SQLite database
2024-11-20 09:57:35,261 - INFO - Wrote batch of size 1000 to SQLite database
2024-11-20 09:57:44,550 - INFO - Wrote batch of size 1000 to SQLite database
2024-11-20 09:57:53,793 - INFO - Wrote batch of size 1003 to SQLite database
2024-11-20 09:58:03,239 - INFO - Wrote batch of size 1000 to SQLite database
2024-11-20 09:58:12,501 - INFO - Wrote batch of size 1000 to SQLite database
2024-11-20 09:58:21,750 - INFO - Wrote batch of size 1000 to SQLite database
2024-11-20 09:58:30,795 - INFO - Wrote batch of size 1000 to SQLite database
2024-11-20 09:58:40,025 - INFO - Wrote batch of size 1000 to SQLite database
2024-11-20 09:58:49,090 - INFO - Wrote batch of size 1000 to SQLite database
2024-11-20 09:58:58,119 - INFO - Wrote batch of size 1000 to SQLite database
2024-11-20 09:59:07,160 - INFO - Wrote batch of size 1000 to SQLite database
2024-11-20 09:59:16,109 - INFO - Wrote batch of size 1000 to SQLite database
2024-11-20 09:59:25,319 - INFO - Wrote batch of size 1000 to SQLite database
2024-11-20 09:59:34,600 - INFO - Wrote batch of size 1000 to SQLite database
2024-11-20 09:59:43,898 - INFO - Wrote batch of size 1000 to SQLite database
2024-11-20 09:59:53,372 - INFO - Wrote batch of size 1000 to SQLite database
2024-11-20 10:00:02,599 - INFO - Wrote batch of size 1002 to SQLite database
2024-11-20 10:00:11,519 - INFO - Wrote batch of size 1000 to SQLite database
2024-11-20 10:00:20,634 - INFO - Wrote batch of size 1000 to SQLite database
2024-11-20 10:00:29,919 - INFO - Wrote batch of size 1000 to SQLite database
2024-11-20 10:00:39,039 - INFO - Wrote batch of size 1000 to SQLite database
2024-11-20 10:00:46,989 - INFO - Exported SQLite to CSV at D:\NewData\scan_2024_11_20_09_45_43.csv
2024-11-20 10:00:48,131 - INFO - Wrote batch of size 1000 to SQLite database
2024-11-20 10:00:57,359 - INFO - Wrote batch of size 1000 to SQLite database
2024-11-20 10:01:06,460 - INFO - Wrote batch of size 1000 to SQLite database
2024-11-20 10:01:06,509 - INFO - Vacuumed SQLite database at D:\NewData\scan_2024_11_20_09_45_43.sqlite
2024-11-20 10:01:15,674 - INFO - Wrote batch of size 1002 to SQLite database
2024-11-20 10:01:24,949 - INFO - Wrote batch of size 1000 to SQLite database
2024-11-20 10:01:33,980 - INFO - Wrote batch of size 1000 to SQLite database
2024-11-20 10:01:43,191 - INFO - Wrote batch of size 1000 to SQLite database
2024-11-20 10:01:52,369 - INFO - Wrote batch of size 1000 to SQLite database
2024-11-20 10:02:01,620 - INFO - Wrote batch of size 1000 to SQLite database
2024-11-20 10:02:10,840 - INFO - Wrote batch of size 1000 to SQLite database
2024-11-20 10:02:20,180 - INFO - Wrote batch of size 1000 to SQLite database
2024-11-20 10:02:29,490 - INFO - Wrote batch of size 1000 to SQLite database
2024-11-20 10:02:38,929 - INFO - Wrote batch of size 1000 to SQLite database
2024-11-20 10:02:48,120 - INFO - Wrote batch of size 1000 to SQLite database
2024-11-20 10:02:57,600 - INFO - Wrote batch of size 1000 to SQLite database
2024-11-20 10:03:06,851 - INFO - Wrote batch of size 1000 to SQLite database
2024-11-20 10:03:15,962 - INFO - Wrote batch of size 1005 to SQLite database
2024-11-20 10:03:25,159 - INFO - Wrote batch of size 1000 to SQLite database
2024-11-20 10:03:34,279 - INFO - Wrote batch of size 1000 to SQLite database
2024-11-20 10:03:43,481 - INFO - Wrote batch of size 1000 to SQLite database
2024-11-20 10:03:52,850 - INFO - Wrote batch of size 1000 to SQLite database
2024-11-20 10:04:01,989 - INFO - Wrote batch of size 1000 to SQLite database
2024-11-20 10:04:11,270 - INFO - Wrote batch of size 1000 to SQLite database
2024-11-20 10:04:20,361 - INFO - Wrote batch of size 1001 to SQLite database
2024-11-20 10:04:29,590 - INFO - Wrote batch of size 1000 to SQLite database
2024-11-20 10:04:38,751 - INFO - Wrote batch of size 1000 to SQLite database
2024-11-20 10:04:48,039 - INFO - Wrote batch of size 1000 to SQLite database
2024-11-20 10:04:57,130 - INFO - Wrote batch of size 1000 to SQLite database
2024-11-20 10:05:06,371 - INFO - Wrote batch of size 1001 to SQLite database
2024-11-20 10:05:15,570 - INFO - Wrote batch of size 1000 to SQLite database
2024-11-20 10:05:24,690 - INFO - Wrote batch of size 1000 to SQLite database
2024-11-20 10:05:33,951 - INFO - Wrote batch of size 1000 to SQLite database
2024-11-20 10:05:43,012 - INFO - Wrote batch of size 1000 to SQLite database
2024-11-20 10:05:47,684 - INFO - Exported SQLite to CSV at D:\NewData\scan_2024_11_20_09_45_43.csv
2024-11-20 10:05:52,182 - INFO - Wrote batch of size 1000 to SQLite database
2024-11-20 10:06:01,551 - INFO - Wrote batch of size 1000 to SQLite database
2024-11-20 10:06:10,800 - INFO - Wrote batch of size 1000 to SQLite database
2024-11-20 10:06:20,090 - INFO - Wrote batch of size 1000 to SQLite database
2024-11-20 10:06:29,141 - INFO - Wrote batch of size 1003 to SQLite database
2024-11-20 10:06:38,300 - INFO - Wrote batch of size 1000 to SQLite database
2024-11-20 10:06:47,470 - INFO - Wrote batch of size 1000 to SQLite database
2024-11-20 10:06:56,560 - INFO - Wrote batch of size 1000 to SQLite database
2024-11-20 10:07:05,650 - INFO - Wrote batch of size 1000 to SQLite database
2024-11-20 10:07:15,041 - INFO - Wrote batch of size 1000 to SQLite database
2024-11-20 10:07:24,251 - INFO - Wrote batch of size 1000 to SQLite database
2024-11-20 10:07:33,300 - INFO - Wrote batch of size 1000 to SQLite database
2024-11-20 10:07:42,530 - INFO - Wrote batch of size 1000 to SQLite database
2024-11-20 10:07:51,750 - INFO - Wrote batch of size 1000 to SQLite database
2024-11-20 10:08:00,707 - INFO - Wrote batch of size 1000 to SQLite database
2024-11-20 10:08:10,015 - INFO - Wrote batch of size 1000 to SQLite database
2024-11-20 10:08:19,262 - INFO - Wrote batch of size 1000 to SQLite database
2024-11-20 10:08:28,431 - INFO - Wrote batch of size 1000 to SQLite database
2024-11-20 10:08:37,620 - INFO - Wrote batch of size 1002 to SQLite database
2024-11-20 10:08:46,955 - INFO - Wrote batch of size 1000 to SQLite database
2024-11-20 10:08:56,301 - INFO - Wrote batch of size 1000 to SQLite database
2024-11-20 10:09:05,650 - INFO - Wrote batch of size 1000 to SQLite database
2024-11-20 10:09:14,740 - INFO - Wrote batch of size 1000 to SQLite database
2024-11-20 10:09:24,151 - INFO - Wrote batch of size 1000 to SQLite database
2024-11-20 10:09:33,291 - INFO - Wrote batch of size 1000 to SQLite database
2024-11-20 10:09:42,600 - INFO - Wrote batch of size 1000 to SQLite database
2024-11-20 10:09:51,910 - INFO - Wrote batch of size 1000 to SQLite database
2024-11-20 10:10:01,231 - INFO - Wrote batch of size 1000 to SQLite database
2024-11-20 10:10:10,581 - INFO - Wrote batch of size 1000 to SQLite database
2024-11-20 10:10:19,811 - INFO - Wrote batch of size 1000 to SQLite database
2024-11-20 10:10:29,021 - INFO - Wrote batch of size 1000 to SQLite database
2024-11-20 10:10:38,250 - INFO - Wrote batch of size 1000 to SQLite database
2024-11-20 10:10:47,692 - INFO - Wrote batch of size 1000 to SQLite database
2024-11-20 10:10:48,634 - INFO - Exported SQLite to CSV at D:\NewData\scan_2024_11_20_09_45_43.csv
2024-11-20 10:10:56,960 - INFO - Wrote batch of size 1000 to SQLite database
2024-11-20 10:11:06,233 - INFO - Wrote batch of size 1000 to SQLite database
2024-11-20 10:11:15,372 - INFO - Wrote batch of size 1000 to SQLite database
2024-11-20 10:11:24,631 - INFO - Wrote batch of size 1000 to SQLite database
2024-11-20 10:11:34,121 - INFO - Wrote batch of size 1000 to SQLite database
2024-11-20 10:11:43,350 - INFO - Wrote batch of size 1000 to SQLite database
2024-11-20 10:11:52,641 - INFO - Wrote batch of size 1000 to SQLite database
2024-11-20 10:12:01,891 - INFO - Wrote batch of size 1000 to SQLite database
2024-11-20 10:12:11,240 - INFO - Wrote batch of size 1000 to SQLite database
2024-11-20 10:12:20,371 - INFO - Wrote batch of size 1000 to SQLite database
2024-11-20 10:12:29,780 - INFO - Wrote batch of size 1002 to SQLite database
2024-11-20 10:12:38,970 - INFO - Wrote batch of size 1000 to SQLite database
2024-11-20 10:12:48,410 - INFO - Wrote batch of size 1000 to SQLite database
2024-11-20 10:12:57,731 - INFO - Wrote batch of size 1000 to SQLite database
2024-11-20 10:13:06,891 - INFO - Wrote batch of size 1000 to SQLite database
2024-11-20 10:13:16,022 - INFO - Wrote batch of size 1000 to SQLite database
2024-11-20 10:13:25,331 - INFO - Wrote batch of size 1000 to SQLite database
2024-11-20 10:13:34,731 - INFO - Wrote batch of size 1000 to SQLite database
2024-11-20 10:13:43,901 - INFO - Wrote batch of size 1000 to SQLite database
2024-11-20 10:13:53,315 - INFO - Wrote batch of size 1000 to SQLite database
2024-11-20 10:14:02,541 - INFO - Wrote batch of size 1000 to SQLite database
2024-11-20 10:14:11,841 - INFO - Wrote batch of size 1000 to SQLite database
2024-11-20 10:14:20,852 - INFO - Wrote batch of size 1000 to SQLite database
2024-11-20 10:14:30,180 - INFO - Wrote batch of size 1000 to SQLite database
2024-11-20 10:14:39,271 - INFO - Wrote batch of size 1000 to SQLite database
2024-11-20 10:14:48,521 - INFO - Wrote batch of size 1000 to SQLite database
2024-11-20 10:14:57,847 - INFO - Wrote batch of size 1000 to SQLite database
2024-11-20 10:15:07,122 - INFO - Wrote batch of size 1000 to SQLite database
2024-11-20 10:15:16,402 - INFO - Wrote batch of size 1000 to SQLite database
2024-11-20 10:15:25,441 - INFO - Wrote batch of size 1000 to SQLite database
2024-11-20 10:15:34,810 - INFO - Wrote batch of size 1000 to SQLite database
2024-11-20 10:15:43,970 - INFO - Wrote batch of size 1000 to SQLite database
2024-11-20 10:15:49,691 - INFO - Exported SQLite to CSV at D:\NewData\scan_2024_11_20_09_45_43.csv
2024-11-20 10:15:53,343 - INFO - Wrote batch of size 1000 to SQLite database
2024-11-20 10:16:02,593 - INFO - Wrote batch of size 1004 to SQLite database
2024-11-20 10:16:11,842 - INFO - Wrote batch of size 1000 to SQLite database
2024-11-20 10:16:21,301 - INFO - Wrote batch of size 1000 to SQLite database
2024-11-20 10:16:30,551 - INFO - Wrote batch of size 1000 to SQLite database
2024-11-20 10:16:30,656 - INFO - Vacuumed SQLite database at D:\NewData\scan_2024_11_20_09_45_43.sqlite
2024-11-20 10:16:39,917 - INFO - Wrote batch of size 1003 to SQLite database
2024-11-20 10:16:49,101 - INFO - Wrote batch of size 1000 to SQLite database
2024-11-20 10:16:58,431 - INFO - Wrote batch of size 1000 to SQLite database
2024-11-20 10:17:07,682 - INFO - Wrote batch of size 1000 to SQLite database
2024-11-20 10:17:17,061 - INFO - Wrote batch of size 1001 to SQLite database
2024-11-20 10:17:26,282 - INFO - Wrote batch of size 1000 to SQLite database
2024-11-20 10:17:35,182 - INFO - Wrote batch of size 1000 to SQLite database
2024-11-20 10:17:44,170 - INFO - Wrote batch of size 1000 to SQLite database
2024-11-20 10:17:53,271 - INFO - Wrote batch of size 1000 to SQLite database
2024-11-20 10:18:02,672 - INFO - Wrote batch of size 1000 to SQLite database
2024-11-20 10:18:11,771 - INFO - Wrote batch of size 1000 to SQLite database
2024-11-20 10:18:21,162 - INFO - Wrote batch of size 1000 to SQLite database
2024-11-20 10:18:30,322 - INFO - Wrote batch of size 1000 to SQLite database
2024-11-20 10:18:39,592 - INFO - Wrote batch of size 1000 to SQLite database
2024-11-20 10:18:48,712 - INFO - Wrote batch of size 1000 to SQLite database
2024-11-20 10:18:57,943 - INFO - Wrote batch of size 1000 to SQLite database
2024-11-20 10:19:07,261 - INFO - Wrote batch of size 1000 to SQLite database
2024-11-20 10:19:16,692 - INFO - Wrote batch of size 1000 to SQLite database
2024-11-20 10:19:25,621 - INFO - Wrote batch of size 1000 to SQLite database
2024-11-20 10:19:35,124 - INFO - Wrote batch of size 1000 to SQLite database
2024-11-20 10:19:44,370 - INFO - Wrote batch of size 1002 to SQLite database
2024-11-20 10:19:53,632 - INFO - Wrote batch of size 1002 to SQLite database
2024-11-20 10:20:02,741 - INFO - Wrote batch of size 1000 to SQLite database
2024-11-20 10:20:12,162 - INFO - Wrote batch of size 1000 to SQLite database
2024-11-20 10:20:21,373 - INFO - Wrote batch of size 1000 to SQLite database
2024-11-20 10:20:30,703 - INFO - Wrote batch of size 1000 to SQLite database
2024-11-20 10:20:39,802 - INFO - Wrote batch of size 1000 to SQLite database
2024-11-20 10:20:49,074 - INFO - Wrote batch of size 1000 to SQLite database
2024-11-20 10:20:51,004 - INFO - Exported SQLite to CSV at D:\NewData\scan_2024_11_20_09_45_43.csv
2024-11-20 10:20:58,243 - INFO - Wrote batch of size 1000 to SQLite database
2024-11-20 10:21:07,338 - INFO - Wrote batch of size 1000 to SQLite database
2024-11-20 10:21:16,422 - INFO - Wrote batch of size 1000 to SQLite database
2024-11-20 10:21:25,720 - INFO - Wrote batch of size 1000 to SQLite database
2024-11-20 10:21:35,022 - INFO - Wrote batch of size 1000 to SQLite database
2024-11-20 10:21:44,372 - INFO - Wrote batch of size 1000 to SQLite database
2024-11-20 10:21:53,712 - INFO - Wrote batch of size 1002 to SQLite database
2024-11-20 10:22:02,912 - INFO - Wrote batch of size 1000 to SQLite database
2024-11-20 10:22:12,102 - INFO - Wrote batch of size 1000 to SQLite database
2024-11-20 10:22:21,232 - INFO - Wrote batch of size 1000 to SQLite database
2024-11-20 10:22:30,483 - INFO - Wrote batch of size 1000 to SQLite database
2024-11-20 10:22:39,741 - INFO - Wrote batch of size 1000 to SQLite database
2024-11-20 10:22:48,952 - INFO - Wrote batch of size 1000 to SQLite database
2024-11-20 10:22:58,382 - INFO - Wrote batch of size 1000 to SQLite database
2024-11-20 10:23:07,671 - INFO - Wrote batch of size 1000 to SQLite database
2024-11-20 10:23:17,012 - INFO - Wrote batch of size 1000 to SQLite database
2024-11-20 10:23:26,309 - INFO - Wrote batch of size 1000 to SQLite database
2024-11-20 10:23:35,478 - INFO - Wrote batch of size 1000 to SQLite database
2024-11-20 10:23:44,512 - INFO - Wrote batch of size 1000 to SQLite database
2024-11-20 10:23:53,762 - INFO - Wrote batch of size 1000 to SQLite database
2024-11-20 10:24:02,872 - INFO - Wrote batch of size 1001 to SQLite database
2024-11-20 10:24:11,952 - INFO - Wrote batch of size 1000 to SQLite database
2024-11-20 10:24:21,112 - INFO - Wrote batch of size 1000 to SQLite database
2024-11-20 10:24:30,176 - INFO - Wrote batch of size 1000 to SQLite database
2024-11-20 10:24:39,223 - INFO - Wrote batch of size 1000 to SQLite database
2024-11-20 10:24:48,573 - INFO - Wrote batch of size 1000 to SQLite database
2024-11-20 10:24:57,904 - INFO - Wrote batch of size 1000 to SQLite database
2024-11-20 10:25:07,333 - INFO - Wrote batch of size 1000 to SQLite database
2024-11-20 10:25:16,652 - INFO - Wrote batch of size 1000 to SQLite database
2024-11-20 10:25:25,795 - INFO - Wrote batch of size 1001 to SQLite database
2024-11-20 10:25:35,153 - INFO - Wrote batch of size 1000 to SQLite database
2024-11-20 10:25:44,435 - INFO - Wrote batch of size 1000 to SQLite database
2024-11-20 10:25:52,489 - INFO - Exported SQLite to CSV at D:\NewData\scan_2024_11_20_09_45_43.csv
2024-11-20 10:25:53,363 - INFO - Wrote batch of size 1000 to SQLite database
2024-11-20 10:26:02,715 - INFO - Wrote batch of size 1000 to SQLite database
2024-11-20 10:26:12,172 - INFO - Wrote batch of size 1000 to SQLite database
2024-11-20 10:26:21,513 - INFO - Wrote batch of size 1000 to SQLite database
2024-11-20 10:26:30,703 - INFO - Wrote batch of size 1002 to SQLite database
2024-11-20 10:26:39,921 - INFO - Wrote batch of size 1000 to SQLite database
2024-11-20 10:26:49,122 - INFO - Wrote batch of size 1000 to SQLite database
2024-11-20 10:26:58,423 - INFO - Wrote batch of size 1000 to SQLite database
2024-11-20 10:27:07,733 - INFO - Wrote batch of size 1000 to SQLite database
2024-11-20 10:27:17,082 - INFO - Wrote batch of size 1000 to SQLite database
2024-11-20 10:27:26,303 - INFO - Wrote batch of size 1000 to SQLite database
2024-11-20 10:27:35,493 - INFO - Wrote batch of size 1000 to SQLite database
2024-11-20 10:27:44,792 - INFO - Wrote batch of size 1000 to SQLite database
2024-11-20 10:27:54,175 - INFO - Wrote batch of size 1000 to SQLite database
2024-11-20 10:28:03,533 - INFO - Wrote batch of size 1000 to SQLite database
2024-11-20 10:28:12,672 - INFO - Wrote batch of size 1000 to SQLite database
2024-11-20 10:28:22,066 - INFO - Wrote batch of size 1000 to SQLite database
2024-11-20 10:28:31,353 - INFO - Wrote batch of size 1000 to SQLite database
2024-11-20 10:28:40,523 - INFO - Wrote batch of size 1000 to SQLite database
2024-11-20 10:28:49,486 - INFO - Wrote batch of size 1000 to SQLite database
2024-11-20 10:28:58,652 - INFO - Wrote batch of size 1000 to SQLite database
2024-11-20 10:29:08,054 - INFO - Wrote batch of size 1001 to SQLite database
2024-11-20 10:29:17,253 - INFO - Wrote batch of size 1000 to SQLite database
2024-11-20 10:29:26,445 - INFO - Wrote batch of size 1000 to SQLite database
2024-11-20 10:29:35,903 - INFO - Wrote batch of size 1000 to SQLite database
2024-11-20 10:29:45,345 - INFO - Wrote batch of size 1000 to SQLite database
2024-11-20 10:29:54,603 - INFO - Wrote batch of size 1000 to SQLite database
2024-11-20 10:30:03,592 - INFO - Wrote batch of size 1000 to SQLite database
2024-11-20 10:30:12,854 - INFO - Wrote batch of size 1000 to SQLite database
2024-11-20 10:30:22,190 - INFO - Wrote batch of size 1001 to SQLite database
2024-11-20 10:30:31,694 - INFO - Wrote batch of size 1000 to SQLite database
2024-11-20 10:30:40,923 - INFO - Wrote batch of size 1000 to SQLite database
2024-11-20 10:30:50,283 - INFO - Wrote batch of size 1000 to SQLite database
2024-11-20 10:30:54,253 - INFO - Exported SQLite to CSV at D:\NewData\scan_2024_11_20_09_45_43.csv
2024-11-20 10:30:59,705 - INFO - Wrote batch of size 1000 to SQLite database
2024-11-20 10:31:08,995 - INFO - Wrote batch of size 1002 to SQLite database
2024-11-20 10:31:18,343 - INFO - Wrote batch of size 1001 to SQLite database
2024-11-20 10:31:27,643 - INFO - Wrote batch of size 1000 to SQLite database
2024-11-20 10:31:37,023 - INFO - Wrote batch of size 1000 to SQLite database
2024-11-20 10:31:46,433 - INFO - Wrote batch of size 1000 to SQLite database
2024-11-20 10:31:55,713 - INFO - Wrote batch of size 1000 to SQLite database
2024-11-20 10:31:55,909 - INFO - Vacuumed SQLite database at D:\NewData\scan_2024_11_20_09_45_43.sqlite
2024-11-20 10:32:04,886 - INFO - Wrote batch of size 1000 to SQLite database
2024-11-20 10:32:14,034 - INFO - Wrote batch of size 1000 to SQLite database
2024-11-20 10:32:23,102 - INFO - Wrote batch of size 1000 to SQLite database
2024-11-20 10:32:32,393 - INFO - Wrote batch of size 1001 to SQLite database
2024-11-20 10:32:41,563 - INFO - Wrote batch of size 1000 to SQLite database
2024-11-20 10:32:50,905 - INFO - Wrote batch of size 1000 to SQLite database
2024-11-20 10:33:00,074 - INFO - Wrote batch of size 1000 to SQLite database
2024-11-20 10:33:09,193 - INFO - Wrote batch of size 1000 to SQLite database
2024-11-20 10:33:18,364 - INFO - Wrote batch of size 1000 to SQLite database
2024-11-20 10:33:27,504 - INFO - Wrote batch of size 1000 to SQLite database
2024-11-20 10:33:36,623 - INFO - Wrote batch of size 1000 to SQLite database
2024-11-20 10:33:45,693 - INFO - Wrote batch of size 1000 to SQLite database
2024-11-20 10:33:54,885 - INFO - Wrote batch of size 1000 to SQLite database
2024-11-20 10:34:04,002 - INFO - Wrote batch of size 1000 to SQLite database
2024-11-20 10:34:13,123 - INFO - Wrote batch of size 1000 to SQLite database
2024-11-20 10:34:22,243 - INFO - Wrote batch of size 1000 to SQLite database
2024-11-20 10:34:31,553 - INFO - Wrote batch of size 1000 to SQLite database
2024-11-20 10:34:40,703 - INFO - Wrote batch of size 1000 to SQLite database
2024-11-20 10:34:49,843 - INFO - Wrote batch of size 1000 to SQLite database
2024-11-20 10:34:59,313 - INFO - Wrote batch of size 1000 to SQLite database
2024-11-20 10:35:08,513 - INFO - Wrote batch of size 1002 to SQLite database
2024-11-20 10:35:17,804 - INFO - Wrote batch of size 1001 to SQLite database
2024-11-20 10:35:27,364 - INFO - Wrote batch of size 1000 to SQLite database
2024-11-20 10:35:36,616 - INFO - Wrote batch of size 1000 to SQLite database
2024-11-20 10:35:45,874 - INFO - Wrote batch of size 1000 to SQLite database
2024-11-20 10:35:55,293 - INFO - Wrote batch of size 1000 to SQLite database
2024-11-20 10:35:56,265 - INFO - Exported SQLite to CSV at D:\NewData\scan_2024_11_20_09_45_43.csv
2024-11-20 10:36:04,614 - INFO - Wrote batch of size 1000 to SQLite database
2024-11-20 10:36:13,886 - INFO - Wrote batch of size 1000 to SQLite database
2024-11-20 10:36:22,844 - INFO - Wrote batch of size 1000 to SQLite database
2024-11-20 10:36:31,977 - INFO - Wrote batch of size 1000 to SQLite database
2024-11-20 10:36:41,373 - INFO - Wrote batch of size 1000 to SQLite database
2024-11-20 10:36:50,604 - INFO - Wrote batch of size 1000 to SQLite database
2024-11-20 10:36:59,994 - INFO - Wrote batch of size 1000 to SQLite database
2024-11-20 10:37:09,463 - INFO - Wrote batch of size 1000 to SQLite database
2024-11-20 10:37:18,716 - INFO - Wrote batch of size 1000 to SQLite database
2024-11-20 10:37:27,923 - INFO - Wrote batch of size 1000 to SQLite database
2024-11-20 10:37:37,064 - INFO - Wrote batch of size 1000 to SQLite database
2024-11-20 10:37:46,254 - INFO - Wrote batch of size 1000 to SQLite database
2024-11-20 10:37:55,243 - INFO - Wrote batch of size 1000 to SQLite database
2024-11-20 10:38:04,494 - INFO - Wrote batch of size 1000 to SQLite database
2024-11-20 10:38:13,844 - INFO - Wrote batch of size 1000 to SQLite database
2024-11-20 10:38:23,146 - INFO - Wrote batch of size 1000 to SQLite database
2024-11-20 10:38:32,494 - INFO - Wrote batch of size 1000 to SQLite database
2024-11-20 10:38:41,854 - INFO - Wrote batch of size 1000 to SQLite database
2024-11-20 10:38:50,952 - INFO - Wrote batch of size 1000 to SQLite database
2024-11-20 10:39:00,207 - INFO - Wrote batch of size 1000 to SQLite database
2024-11-20 10:39:09,745 - INFO - Wrote batch of size 1000 to SQLite database
2024-11-20 10:39:18,874 - INFO - Wrote batch of size 1000 to SQLite database
2024-11-20 10:39:27,934 - INFO - Wrote batch of size 1000 to SQLite database
2024-11-20 10:39:37,283 - INFO - Wrote batch of size 1000 to SQLite database
2024-11-20 10:39:46,534 - INFO - Wrote batch of size 1000 to SQLite database
2024-11-20 10:39:55,714 - INFO - Wrote batch of size 1000 to SQLite database
2024-11-20 10:40:05,044 - INFO - Wrote batch of size 1000 to SQLite database
2024-11-20 10:40:14,305 - INFO - Wrote batch of size 1001 to SQLite database
2024-11-20 10:40:23,384 - INFO - Wrote batch of size 1000 to SQLite database
2024-11-20 10:40:32,464 - INFO - Wrote batch of size 1003 to SQLite database
2024-11-20 10:40:41,854 - INFO - Wrote batch of size 1000 to SQLite database
2024-11-20 10:40:50,864 - INFO - Wrote batch of size 1000 to SQLite database
2024-11-20 10:40:58,313 - INFO - Exported SQLite to CSV at D:\NewData\scan_2024_11_20_09_45_43.csv
2024-11-20 10:41:00,105 - INFO - Wrote batch of size 1000 to SQLite database
2024-11-20 10:41:09,506 - INFO - Wrote batch of size 1000 to SQLite database
2024-11-20 10:41:18,835 - INFO - Wrote batch of size 1000 to SQLite database
2024-11-20 10:41:28,136 - INFO - Wrote batch of size 1000 to SQLite database
2024-11-20 10:41:37,234 - INFO - Wrote batch of size 1000 to SQLite database
2024-11-20 10:41:46,384 - INFO - Wrote batch of size 1000 to SQLite database
2024-11-20 10:41:55,724 - INFO - Wrote batch of size 1001 to SQLite database
2024-11-20 10:42:04,925 - INFO - Wrote batch of size 1000 to SQLite database
2024-11-20 10:42:14,214 - INFO - Wrote batch of size 1000 to SQLite database
2024-11-20 10:42:23,506 - INFO - Wrote batch of size 1000 to SQLite database
2024-11-20 10:42:32,765 - INFO - Wrote batch of size 1000 to SQLite database
2024-11-20 10:42:42,005 - INFO - Wrote batch of size 1000 to SQLite database
2024-11-20 10:42:51,164 - INFO - Wrote batch of size 1000 to SQLite database
2024-11-20 10:43:00,415 - INFO - Wrote batch of size 1000 to SQLite database
2024-11-20 10:43:09,655 - INFO - Wrote batch of size 1000 to SQLite database
2024-11-20 10:43:19,060 - INFO - Wrote batch of size 1000 to SQLite database
2024-11-20 10:43:28,533 - INFO - Wrote batch of size 1000 to SQLite database
2024-11-20 10:43:37,834 - INFO - Wrote batch of size 1000 to SQLite database
2024-11-20 10:43:47,344 - INFO - Wrote batch of size 1003 to SQLite database
2024-11-20 10:43:56,724 - INFO - Wrote batch of size 1000 to SQLite database
2024-11-20 10:44:05,814 - INFO - Wrote batch of size 1000 to SQLite database
2024-11-20 10:44:15,025 - INFO - Wrote batch of size 1000 to SQLite database
2024-11-20 10:44:24,355 - INFO - Wrote batch of size 1000 to SQLite database
2024-11-20 10:44:33,635 - INFO - Wrote batch of size 1000 to SQLite database
2024-11-20 10:44:43,045 - INFO - Wrote batch of size 1000 to SQLite database
2024-11-20 10:44:52,425 - INFO - Wrote batch of size 1000 to SQLite database
2024-11-20 10:45:01,755 - INFO - Wrote batch of size 1000 to SQLite database
2024-11-20 10:45:10,905 - INFO - Wrote batch of size 1000 to SQLite database
2024-11-20 10:45:20,204 - INFO - Wrote batch of size 1000 to SQLite database
2024-11-20 10:45:29,396 - INFO - Wrote batch of size 1000 to SQLite database
2024-11-20 10:45:38,696 - INFO - Wrote batch of size 1000 to SQLite database
2024-11-20 10:45:47,952 - INFO - Wrote batch of size 1000 to SQLite database
2024-11-20 10:45:57,408 - INFO - Wrote batch of size 1000 to SQLite database
2024-11-20 10:46:00,514 - INFO - Exported SQLite to CSV at D:\NewData\scan_2024_11_20_09_45_43.csv
2024-11-20 10:46:06,766 - INFO - Wrote batch of size 1000 to SQLite database
2024-11-20 10:46:16,010 - INFO - Wrote batch of size 1000 to SQLite database
2024-11-20 10:46:25,204 - INFO - Wrote batch of size 1000 to SQLite database
2024-11-20 10:46:34,545 - INFO - Wrote batch of size 1000 to SQLite database
2024-11-20 10:46:43,955 - INFO - Wrote batch of size 1000 to SQLite database
2024-11-20 10:46:53,229 - INFO - Wrote batch of size 1000 to SQLite database
2024-11-20 10:47:02,475 - INFO - Wrote batch of size 1002 to SQLite database
2024-11-20 10:47:11,768 - INFO - Wrote batch of size 1000 to SQLite database
2024-11-20 10:47:21,205 - INFO - Wrote batch of size 1000 to SQLite database
2024-11-20 10:47:21,400 - INFO - Vacuumed SQLite database at D:\NewData\scan_2024_11_20_09_45_43.sqlite
2024-11-20 10:47:30,535 - INFO - Wrote batch of size 1000 to SQLite database
2024-11-20 10:47:39,947 - INFO - Wrote batch of size 1000 to SQLite database
2024-11-20 10:47:49,185 - INFO - Wrote batch of size 1000 to SQLite database
2024-11-20 10:47:58,415 - INFO - Wrote batch of size 1000 to SQLite database
2024-11-20 10:48:07,745 - INFO - Wrote batch of size 1000 to SQLite database
2024-11-20 10:48:17,118 - INFO - Wrote batch of size 1001 to SQLite database
2024-11-20 10:48:26,326 - INFO - Wrote batch of size 1000 to SQLite database
2024-11-20 10:48:35,715 - INFO - Wrote batch of size 1000 to SQLite database
2024-11-20 10:48:44,825 - INFO - Wrote batch of size 1000 to SQLite database
2024-11-20 10:48:54,225 - INFO - Wrote batch of size 1000 to SQLite database
2024-11-20 10:49:03,525 - INFO - Wrote batch of size 1002 to SQLite database
2024-11-20 10:49:12,765 - INFO - Wrote batch of size 1000 to SQLite database
2024-11-20 10:49:22,195 - INFO - Wrote batch of size 1000 to SQLite database
2024-11-20 10:49:31,355 - INFO - Wrote batch of size 1000 to SQLite database
2024-11-20 10:49:40,725 - INFO - Wrote batch of size 1000 to SQLite database
2024-11-20 10:49:50,105 - INFO - Wrote batch of size 1001 to SQLite database
2024-11-20 10:49:59,355 - INFO - Wrote batch of size 1000 to SQLite database
2024-11-20 10:50:08,665 - INFO - Wrote batch of size 1000 to SQLite database
2024-11-20 10:50:17,766 - INFO - Wrote batch of size 1000 to SQLite database
2024-11-20 10:50:26,876 - INFO - Wrote batch of size 1000 to SQLite database
2024-11-20 10:50:35,985 - INFO - Wrote batch of size 1000 to SQLite database
2024-11-20 10:50:45,215 - INFO - Wrote batch of size 1000 to SQLite database
2024-11-20 10:50:54,426 - INFO - Wrote batch of size 1000 to SQLite database
2024-11-20 10:51:02,972 - INFO - Exported SQLite to CSV at D:\NewData\scan_2024_11_20_09_45_43.csv
2024-11-20 10:51:03,407 - INFO - Wrote batch of size 1000 to SQLite database
2024-11-20 10:51:12,811 - INFO - Wrote batch of size 1000 to SQLite database
2024-11-20 10:51:21,926 - INFO - Wrote batch of size 1000 to SQLite database
2024-11-20 10:51:31,275 - INFO - Wrote batch of size 1000 to SQLite database
2024-11-20 10:51:40,656 - INFO - Wrote batch of size 1000 to SQLite database
2024-11-20 10:51:49,815 - INFO - Wrote batch of size 1000 to SQLite database
2024-11-20 10:51:59,177 - INFO - Wrote batch of size 1002 to SQLite database
2024-11-20 10:52:08,576 - INFO - Wrote batch of size 1000 to SQLite database
2024-11-20 10:52:17,985 - INFO - Wrote batch of size 1000 to SQLite database
2024-11-20 10:52:27,176 - INFO - Wrote batch of size 1000 to SQLite database
2024-11-20 10:52:36,645 - INFO - Wrote batch of size 1000 to SQLite database
2024-11-20 10:52:46,025 - INFO - Wrote batch of size 1000 to SQLite database
2024-11-20 10:52:55,395 - INFO - Wrote batch of size 1000 to SQLite database
2024-11-20 10:53:04,836 - INFO - Wrote batch of size 1000 to SQLite database
2024-11-20 10:53:14,016 - INFO - Wrote batch of size 1000 to SQLite database
2024-11-20 10:53:23,296 - INFO - Wrote batch of size 1000 to SQLite database
2024-11-20 10:53:32,516 - INFO - Wrote batch of size 1000 to SQLite database
2024-11-20 10:53:41,746 - INFO - Wrote batch of size 1000 to SQLite database
2024-11-20 10:53:50,800 - INFO - Wrote batch of size 1000 to SQLite database
2024-11-20 10:53:59,956 - INFO - Wrote batch of size 1000 to SQLite database
2024-11-20 10:54:08,996 - INFO - Wrote batch of size 1000 to SQLite database
2024-11-20 10:54:18,323 - INFO - Wrote batch of size 1000 to SQLite database
2024-11-20 10:54:27,626 - INFO - Wrote batch of size 1000 to SQLite database
2024-11-20 10:54:36,836 - INFO - Wrote batch of size 1000 to SQLite database
2024-11-20 10:54:46,056 - INFO - Wrote batch of size 1000 to SQLite database
2024-11-20 10:54:55,446 - INFO - Wrote batch of size 1003 to SQLite database
2024-11-20 10:55:04,795 - INFO - Wrote batch of size 1000 to SQLite database
2024-11-20 10:55:14,086 - INFO - Wrote batch of size 1000 to SQLite database
2024-11-20 10:55:23,247 - INFO - Wrote batch of size 1000 to SQLite database
2024-11-20 10:55:32,407 - INFO - Wrote batch of size 1000 to SQLite database
2024-11-20 10:55:41,576 - INFO - Wrote batch of size 1002 to SQLite database
2024-11-20 10:55:50,767 - INFO - Wrote batch of size 1001 to SQLite database
2024-11-20 10:56:00,106 - INFO - Wrote batch of size 1000 to SQLite database
2024-11-20 10:56:05,487 - INFO - Exported SQLite to CSV at D:\NewData\scan_2024_11_20_09_45_43.csv
2024-11-20 10:56:09,227 - INFO - Wrote batch of size 1000 to SQLite database
2024-11-20 10:56:18,403 - INFO - Wrote batch of size 1000 to SQLite database
2024-11-20 10:56:27,585 - INFO - Wrote batch of size 1000 to SQLite database
2024-11-20 10:56:36,766 - INFO - Wrote batch of size 1000 to SQLite database
2024-11-20 10:56:46,166 - INFO - Wrote batch of size 1000 to SQLite database
2024-11-20 10:56:55,435 - INFO - Wrote batch of size 1000 to SQLite database
2024-11-20 10:57:04,497 - INFO - Wrote batch of size 1000 to SQLite database
2024-11-20 10:57:13,966 - INFO - Wrote batch of size 1000 to SQLite database
2024-11-20 10:57:23,297 - INFO - Wrote batch of size 1000 to SQLite database
2024-11-20 10:57:32,562 - INFO - Wrote batch of size 1000 to SQLite database
2024-11-20 10:57:41,797 - INFO - Wrote batch of size 1000 to SQLite database
2024-11-20 10:57:51,136 - INFO - Wrote batch of size 1000 to SQLite database
2024-11-20 10:58:00,417 - INFO - Wrote batch of size 1000 to SQLite database
2024-11-20 10:58:09,787 - INFO - Wrote batch of size 1001 to SQLite database
2024-11-20 10:58:19,057 - INFO - Wrote batch of size 1000 to SQLite database
2024-11-20 10:58:28,245 - INFO - Wrote batch of size 1000 to SQLite database
2024-11-20 10:58:37,548 - INFO - Wrote batch of size 1000 to SQLite database
2024-11-20 10:58:46,906 - INFO - Wrote batch of size 1000 to SQLite database
2024-11-20 10:58:56,116 - INFO - Wrote batch of size 1000 to SQLite database
2024-11-20 10:59:05,326 - INFO - Wrote batch of size 1000 to SQLite database
2024-11-20 10:59:14,507 - INFO - Wrote batch of size 1000 to SQLite database
2024-11-20 10:59:24,175 - INFO - Wrote batch of size 1000 to SQLite database
2024-11-20 10:59:34,177 - INFO - Wrote batch of size 1000 to SQLite database
2024-11-20 10:59:44,176 - INFO - Wrote batch of size 1000 to SQLite database
2024-11-20 10:59:54,178 - INFO - Wrote batch of size 1000 to SQLite database
2024-11-20 11:00:04,179 - INFO - Wrote batch of size 1000 to SQLite database
2024-11-20 11:00:14,177 - INFO - Wrote batch of size 1000 to SQLite database
2024-11-20 11:00:24,178 - INFO - Wrote batch of size 1000 to SQLite database
2024-11-20 11:00:34,176 - INFO - Wrote batch of size 1000 to SQLite database
2024-11-20 11:00:44,177 - INFO - Wrote batch of size 1000 to SQLite database
2024-11-20 11:00:54,177 - INFO - Wrote batch of size 1000 to SQLite database
2024-11-20 11:01:04,176 - INFO - Wrote batch of size 1000 to SQLite database
2024-11-20 11:01:08,400 - INFO - Exported SQLite to CSV at D:\NewData\scan_2024_11_20_09_45_43.csv
2024-11-20 11:01:14,177 - INFO - Wrote batch of size 1000 to SQLite database
2024-11-20 11:01:24,193 - INFO - Wrote batch of size 1000 to SQLite database
2024-11-20 11:01:34,187 - INFO - Wrote batch of size 1000 to SQLite database
2024-11-20 11:01:44,176 - INFO - Wrote batch of size 1000 to SQLite database
2024-11-20 11:01:54,177 - INFO - Wrote batch of size 1000 to SQLite database
2024-11-20 11:02:04,177 - INFO - Wrote batch of size 1000 to SQLite database
2024-11-20 11:02:14,177 - INFO - Wrote batch of size 1000 to SQLite database
2024-11-20 11:02:24,176 - INFO - Wrote batch of size 1000 to SQLite database
2024-11-20 11:02:34,176 - INFO - Wrote batch of size 1000 to SQLite database
2024-11-20 11:02:44,178 - INFO - Wrote batch of size 1000 to SQLite database
2024-11-20 11:02:54,176 - INFO - Wrote batch of size 1000 to SQLite database
2024-11-20 11:03:04,177 - INFO - Wrote batch of size 1000 to SQLite database
2024-11-20 11:03:04,411 - INFO - Vacuumed SQLite database at D:\NewData\scan_2024_11_20_09_45_43.sqlite
2024-11-20 11:03:14,181 - INFO - Wrote batch of size 1000 to SQLite database
2024-11-20 11:03:24,177 - INFO - Wrote batch of size 1000 to SQLite database
2024-11-20 11:03:34,177 - INFO - Wrote batch of size 1000 to SQLite database
2024-11-20 11:03:44,178 - INFO - Wrote batch of size 1000 to SQLite database
2024-11-20 11:03:54,176 - INFO - Wrote batch of size 1000 to SQLite database
2024-11-20 11:04:04,177 - INFO - Wrote batch of size 1000 to SQLite database
2024-11-20 11:04:14,177 - INFO - Wrote batch of size 1000 to SQLite database
2024-11-20 11:04:24,176 - INFO - Wrote batch of size 1000 to SQLite database
2024-11-20 11:04:34,178 - INFO - Wrote batch of size 1000 to SQLite database
2024-11-20 11:04:44,177 - INFO - Wrote batch of size 1000 to SQLite database
2024-11-20 11:04:54,177 - INFO - Wrote batch of size 1000 to SQLite database
2024-11-20 11:05:04,177 - INFO - Wrote batch of size 1000 to SQLite database
2024-11-20 11:05:14,177 - INFO - Wrote batch of size 1000 to SQLite database
2024-11-20 11:05:24,177 - INFO - Wrote batch of size 1000 to SQLite database
2024-11-20 11:05:34,177 - INFO - Wrote batch of size 1000 to SQLite database
2024-11-20 11:05:44,177 - INFO - Wrote batch of size 1000 to SQLite database
2024-11-20 11:05:54,176 - INFO - Wrote batch of size 1000 to SQLite database
2024-11-20 11:06:04,178 - INFO - Wrote batch of size 1000 to SQLite database
2024-11-20 11:06:11,423 - INFO - Exported SQLite to CSV at D:\NewData\scan_2024_11_20_09_45_43.csv
2024-11-20 11:06:14,177 - INFO - Wrote batch of size 1000 to SQLite database
2024-11-20 11:06:24,182 - INFO - Wrote batch of size 1000 to SQLite database
2024-11-20 11:06:34,177 - INFO - Wrote batch of size 1000 to SQLite database
2024-11-20 11:06:44,178 - INFO - Wrote batch of size 1000 to SQLite database
2024-11-20 11:06:54,177 - INFO - Wrote batch of size 1000 to SQLite database
2024-11-20 11:07:04,177 - INFO - Wrote batch of size 1000 to SQLite database
2024-11-20 11:07:14,177 - INFO - Wrote batch of size 1000 to SQLite database
2024-11-20 11:07:24,178 - INFO - Wrote batch of size 1000 to SQLite database
2024-11-20 11:07:34,178 - INFO - Wrote batch of size 1000 to SQLite database
2024-11-20 11:07:44,177 - INFO - Wrote batch of size 1000 to SQLite database
2024-11-20 11:07:54,177 - INFO - Wrote batch of size 1000 to SQLite database
2024-11-20 11:08:04,176 - INFO - Wrote batch of size 1000 to SQLite database
2024-11-20 11:08:14,177 - INFO - Wrote batch of size 1000 to SQLite database
2024-11-20 11:08:24,178 - INFO - Wrote batch of size 1000 to SQLite database
2024-11-20 11:08:34,177 - INFO - Wrote batch of size 1000 to SQLite database
2024-11-20 11:08:44,177 - INFO - Wrote batch of size 1000 to SQLite database
2024-11-20 11:08:54,177 - INFO - Wrote batch of size 1000 to SQLite database
2024-11-20 11:09:04,177 - INFO - Wrote batch of size 1000 to SQLite database
2024-11-20 11:09:14,177 - INFO - Wrote batch of size 1000 to SQLite database
2024-11-20 11:09:24,178 - INFO - Wrote batch of size 1000 to SQLite database
2024-11-20 11:09:34,178 - INFO - Wrote batch of size 1000 to SQLite database
2024-11-20 11:09:44,178 - INFO - Wrote batch of size 1000 to SQLite database
2024-11-20 11:09:54,178 - INFO - Wrote batch of size 1000 to SQLite database
2024-11-20 11:10:04,177 - INFO - Wrote batch of size 1000 to SQLite database
2024-11-20 11:10:14,178 - INFO - Wrote batch of size 1000 to SQLite database
2024-11-20 11:10:24,178 - INFO - Wrote batch of size 1000 to SQLite database
2024-11-20 11:10:34,194 - INFO - Wrote batch of size 1000 to SQLite database
2024-11-20 11:10:44,181 - INFO - Wrote batch of size 1000 to SQLite database
2024-11-20 11:10:54,178 - INFO - Wrote batch of size 1000 to SQLite database
2024-11-20 11:11:04,180 - INFO - Wrote batch of size 1000 to SQLite database
2024-11-20 11:11:14,222 - INFO - Wrote batch of size 1000 to SQLite database
2024-11-20 11:11:14,610 - INFO - Exported SQLite to CSV at D:\NewData\scan_2024_11_20_09_45_43.csv
2024-11-20 11:11:24,185 - INFO - Wrote batch of size 1000 to SQLite database
2024-11-20 11:11:34,178 - INFO - Wrote batch of size 1000 to SQLite database
2024-11-20 11:11:44,178 - INFO - Wrote batch of size 1000 to SQLite database
2024-11-20 11:11:54,178 - INFO - Wrote batch of size 1000 to SQLite database
2024-11-20 11:12:04,178 - INFO - Wrote batch of size 1000 to SQLite database
2024-11-20 11:12:14,179 - INFO - Wrote batch of size 1000 to SQLite database
2024-11-20 11:12:24,178 - INFO - Wrote batch of size 1000 to SQLite database
2024-11-20 11:12:34,179 - INFO - Wrote batch of size 1000 to SQLite database
2024-11-20 11:12:44,177 - INFO - Wrote batch of size 1000 to SQLite database
2024-11-20 11:12:54,179 - INFO - Wrote batch of size 1000 to SQLite database
2024-11-20 11:13:04,178 - INFO - Wrote batch of size 1000 to SQLite database
2024-11-20 11:13:14,177 - INFO - Wrote batch of size 1000 to SQLite database
2024-11-20 11:13:24,177 - INFO - Wrote batch of size 1000 to SQLite database
2024-11-20 11:13:34,180 - INFO - Wrote batch of size 1000 to SQLite database
2024-11-20 11:13:44,179 - INFO - Wrote batch of size 1000 to SQLite database
2024-11-20 11:13:54,178 - INFO - Wrote batch of size 1000 to SQLite database
2024-11-20 11:14:04,168 - INFO - Wrote batch of size 1000 to SQLite database
2024-11-20 11:14:14,168 - INFO - Wrote batch of size 1000 to SQLite database
2024-11-20 11:14:24,170 - INFO - Wrote batch of size 1000 to SQLite database
2024-11-20 11:14:34,171 - INFO - Wrote batch of size 1000 to SQLite database
2024-11-20 11:14:44,168 - INFO - Wrote batch of size 1000 to SQLite database
2024-11-20 11:14:54,169 - INFO - Wrote batch of size 1000 to SQLite database
2024-11-20 11:15:04,168 - INFO - Wrote batch of size 1000 to SQLite database
2024-11-20 11:15:14,172 - INFO - Wrote batch of size 1000 to SQLite database
2024-11-20 11:15:24,169 - INFO - Wrote batch of size 1000 to SQLite database
2024-11-20 11:15:34,169 - INFO - Wrote batch of size 1000 to SQLite database
2024-11-20 11:15:44,168 - INFO - Wrote batch of size 1000 to SQLite database
2024-11-20 11:15:54,173 - INFO - Wrote batch of size 1000 to SQLite database
2024-11-20 11:16:04,169 - INFO - Wrote batch of size 1000 to SQLite database
2024-11-20 11:16:14,168 - INFO - Wrote batch of size 1000 to SQLite database
2024-11-20 11:16:17,921 - INFO - Exported SQLite to CSV at D:\NewData\scan_2024_11_20_09_45_43.csv
2024-11-20 11:16:24,168 - INFO - Wrote batch of size 1000 to SQLite database
2024-11-20 11:16:34,176 - INFO - Wrote batch of size 1000 to SQLite database
2024-11-20 11:16:44,167 - INFO - Wrote batch of size 1000 to SQLite database
2024-11-20 11:16:54,168 - INFO - Wrote batch of size 1000 to SQLite database
2024-11-20 11:17:04,168 - INFO - Wrote batch of size 1000 to SQLite database
2024-11-20 11:17:14,168 - INFO - Wrote batch of size 1000 to SQLite database
2024-11-20 11:17:24,170 - INFO - Wrote batch of size 1000 to SQLite database
2024-11-20 11:17:34,168 - INFO - Wrote batch of size 1000 to SQLite database
2024-11-20 11:17:44,169 - INFO - Wrote batch of size 1000 to SQLite database
2024-11-20 11:17:54,168 - INFO - Wrote batch of size 1000 to SQLite database
2024-11-20 11:18:04,189 - INFO - Wrote batch of size 1000 to SQLite database
2024-11-20 11:18:14,180 - INFO - Wrote batch of size 1000 to SQLite database
2024-11-20 11:18:24,168 - INFO - Wrote batch of size 1000 to SQLite database
2024-11-20 11:18:34,168 - INFO - Wrote batch of size 1000 to SQLite database
2024-11-20 11:18:44,168 - INFO - Wrote batch of size 1000 to SQLite database
2024-11-20 11:18:54,172 - INFO - Wrote batch of size 1000 to SQLite database
2024-11-20 11:19:04,170 - INFO - Wrote batch of size 1000 to SQLite database
2024-11-20 11:19:14,170 - INFO - Wrote batch of size 1000 to SQLite database
2024-11-20 11:19:24,169 - INFO - Wrote batch of size 1000 to SQLite database
2024-11-20 11:19:34,171 - INFO - Wrote batch of size 1000 to SQLite database
2024-11-20 11:19:44,169 - INFO - Wrote batch of size 1000 to SQLite database
2024-11-20 11:19:44,470 - INFO - Vacuumed SQLite database at D:\NewData\scan_2024_11_20_09_45_43.sqlite
2024-11-20 11:19:54,173 - INFO - Wrote batch of size 1000 to SQLite database
2024-11-20 11:20:04,172 - INFO - Wrote batch of size 1000 to SQLite database
2024-11-20 11:20:14,170 - INFO - Wrote batch of size 1000 to SQLite database
2024-11-20 11:20:24,169 - INFO - Wrote batch of size 1000 to SQLite database
2024-11-20 11:20:34,169 - INFO - Wrote batch of size 1000 to SQLite database
2024-11-20 11:20:44,169 - INFO - Wrote batch of size 1000 to SQLite database
2024-11-20 11:20:54,169 - INFO - Wrote batch of size 1000 to SQLite database
2024-11-20 11:21:04,169 - INFO - Wrote batch of size 1000 to SQLite database
2024-11-20 11:21:14,169 - INFO - Wrote batch of size 1000 to SQLite database
2024-11-20 11:21:21,692 - INFO - Exported SQLite to CSV at D:\NewData\scan_2024_11_20_09_45_43.csv
2024-11-20 11:21:24,169 - INFO - Wrote batch of size 1000 to SQLite database
2024-11-20 11:21:34,177 - INFO - Wrote batch of size 1000 to SQLite database
2024-11-20 11:21:44,169 - INFO - Wrote batch of size 1000 to SQLite database
2024-11-20 11:21:54,172 - INFO - Wrote batch of size 1000 to SQLite database
2024-11-20 11:22:04,169 - INFO - Wrote batch of size 1000 to SQLite database
2024-11-20 11:22:14,169 - INFO - Wrote batch of size 1000 to SQLite database
2024-11-20 11:22:24,169 - INFO - Wrote batch of size 1000 to SQLite database
2024-11-20 11:22:34,169 - INFO - Wrote batch of size 1000 to SQLite database
2024-11-20 11:22:44,169 - INFO - Wrote batch of size 1000 to SQLite database
2024-11-20 11:22:54,169 - INFO - Wrote batch of size 1000 to SQLite database
2024-11-20 11:23:04,169 - INFO - Wrote batch of size 1000 to SQLite database
2024-11-20 11:23:14,169 - INFO - Wrote batch of size 1000 to SQLite database
2024-11-20 11:23:24,169 - INFO - Wrote batch of size 1000 to SQLite database
2024-11-20 11:23:34,170 - INFO - Wrote batch of size 1000 to SQLite database
2024-11-20 11:23:44,169 - INFO - Wrote batch of size 1000 to SQLite database
2024-11-20 11:23:54,170 - INFO - Wrote batch of size 1000 to SQLite database
2024-11-20 11:24:04,169 - INFO - Wrote batch of size 1000 to SQLite database
2024-11-20 11:24:14,169 - INFO - Wrote batch of size 1000 to SQLite database
2024-11-20 11:24:24,169 - INFO - Wrote batch of size 1000 to SQLite database
2024-11-20 11:24:34,170 - INFO - Wrote batch of size 1000 to SQLite database
2024-11-20 11:24:44,169 - INFO - Wrote batch of size 1000 to SQLite database
2024-11-20 11:24:54,173 - INFO - Wrote batch of size 1000 to SQLite database
2024-11-20 11:25:04,170 - INFO - Wrote batch of size 1000 to SQLite database
2024-11-20 11:25:14,169 - INFO - Wrote batch of size 1000 to SQLite database
2024-11-20 11:25:24,170 - INFO - Wrote batch of size 1000 to SQLite database
2024-11-20 11:25:34,173 - INFO - Wrote batch of size 1000 to SQLite database
2024-11-20 11:25:44,170 - INFO - Wrote batch of size 1000 to SQLite database
2024-11-20 11:25:54,170 - INFO - Wrote batch of size 1000 to SQLite database
2024-11-20 11:26:04,170 - INFO - Wrote batch of size 1000 to SQLite database
2024-11-20 11:26:14,170 - INFO - Wrote batch of size 1000 to SQLite database
2024-11-20 11:26:24,297 - INFO - Wrote batch of size 1000 to SQLite database
2024-11-20 11:26:25,456 - INFO - Exported SQLite to CSV at D:\NewData\scan_2024_11_20_09_45_43.csv
2024-11-20 11:26:34,178 - INFO - Wrote batch of size 1000 to SQLite database
2024-11-20 11:26:44,170 - INFO - Wrote batch of size 1000 to SQLite database
2024-11-20 11:26:54,170 - INFO - Wrote batch of size 1000 to SQLite database
2024-11-20 11:27:04,170 - INFO - Wrote batch of size 1000 to SQLite database
2024-11-20 11:27:14,186 - INFO - Wrote batch of size 1000 to SQLite database
2024-11-20 11:27:24,174 - INFO - Wrote batch of size 1000 to SQLite database
2024-11-20 11:27:34,171 - INFO - Wrote batch of size 1000 to SQLite database
2024-11-20 11:27:44,170 - INFO - Wrote batch of size 1000 to SQLite database
2024-11-20 11:27:54,170 - INFO - Wrote batch of size 1000 to SQLite database
2024-11-20 11:28:04,170 - INFO - Wrote batch of size 1000 to SQLite database
2024-11-20 11:28:14,170 - INFO - Wrote batch of size 1000 to SQLite database
2024-11-20 11:28:24,170 - INFO - Wrote batch of size 1000 to SQLite database
2024-11-20 11:28:34,170 - INFO - Wrote batch of size 1000 to SQLite database
2024-11-20 11:28:44,171 - INFO - Wrote batch of size 1000 to SQLite database
2024-11-20 11:28:54,170 - INFO - Wrote batch of size 1000 to SQLite database
2024-11-20 11:29:04,169 - INFO - Wrote batch of size 1000 to SQLite database
2024-11-20 11:29:14,170 - INFO - Wrote batch of size 1000 to SQLite database
2024-11-20 11:29:24,171 - INFO - Wrote batch of size 1000 to SQLite database
2024-11-20 11:29:34,170 - INFO - Wrote batch of size 1000 to SQLite database
2024-11-20 11:29:44,171 - INFO - Wrote batch of size 1000 to SQLite database
2024-11-20 11:29:54,170 - INFO - Wrote batch of size 1000 to SQLite database
2024-11-20 11:30:04,170 - INFO - Wrote batch of size 1000 to SQLite database
2024-11-20 11:30:14,170 - INFO - Wrote batch of size 1000 to SQLite database
2024-11-20 11:30:24,171 - INFO - Wrote batch of size 1000 to SQLite database
2024-11-20 11:30:34,171 - INFO - Wrote batch of size 1000 to SQLite database
2024-11-20 11:30:44,171 - INFO - Wrote batch of size 1000 to SQLite database
2024-11-20 11:30:54,171 - INFO - Wrote batch of size 1000 to SQLite database
2024-11-20 11:31:04,172 - INFO - Wrote batch of size 1000 to SQLite database
2024-11-20 11:31:14,171 - INFO - Wrote batch of size 1000 to SQLite database
2024-11-20 11:31:24,170 - INFO - Wrote batch of size 1000 to SQLite database
2024-11-20 11:31:29,351 - INFO - Exported SQLite to CSV at D:\NewData\scan_2024_11_20_09_45_43.csv
2024-11-20 11:31:34,171 - INFO - Wrote batch of size 1000 to SQLite database
2024-11-20 11:31:44,180 - INFO - Wrote batch of size 1000 to SQLite database
2024-11-20 11:31:54,171 - INFO - Wrote batch of size 1000 to SQLite database
2024-11-20 11:32:04,169 - INFO - Wrote batch of size 1000 to SQLite database
2024-11-20 11:32:14,170 - INFO - Wrote batch of size 1000 to SQLite database
2024-11-20 11:32:24,170 - INFO - Wrote batch of size 1000 to SQLite database
2024-11-20 11:32:34,171 - INFO - Wrote batch of size 1000 to SQLite database
2024-11-20 11:32:44,171 - INFO - Wrote batch of size 1000 to SQLite database
2024-11-20 11:32:54,170 - INFO - Wrote batch of size 1000 to SQLite database
2024-11-20 11:33:04,174 - INFO - Wrote batch of size 1000 to SQLite database
2024-11-20 11:33:14,171 - INFO - Wrote batch of size 1000 to SQLite database
2024-11-20 11:33:24,171 - INFO - Wrote batch of size 1000 to SQLite database
2024-11-20 11:33:34,173 - INFO - Wrote batch of size 1000 to SQLite database
2024-11-20 11:33:44,170 - INFO - Wrote batch of size 1000 to SQLite database
2024-11-20 11:33:54,170 - INFO - Wrote batch of size 1000 to SQLite database
2024-11-20 11:34:04,172 - INFO - Wrote batch of size 1000 to SQLite database
2024-11-20 11:34:14,171 - INFO - Wrote batch of size 1000 to SQLite database
2024-11-20 11:34:24,170 - INFO - Wrote batch of size 1000 to SQLite database
2024-11-20 11:34:34,177 - INFO - Wrote batch of size 1000 to SQLite database
2024-11-20 11:34:44,187 - INFO - Wrote batch of size 1000 to SQLite database
2024-11-20 11:34:54,179 - INFO - Wrote batch of size 1000 to SQLite database
2024-11-20 11:35:04,171 - INFO - Wrote batch of size 1000 to SQLite database
2024-11-20 11:35:14,176 - INFO - Wrote batch of size 1000 to SQLite database
2024-11-20 11:35:24,171 - INFO - Wrote batch of size 1000 to SQLite database
2024-11-20 11:35:34,176 - INFO - Wrote batch of size 1000 to SQLite database
2024-11-20 11:35:44,170 - INFO - Wrote batch of size 1000 to SQLite database
2024-11-20 11:35:54,171 - INFO - Wrote batch of size 1000 to SQLite database
2024-11-20 11:36:04,171 - INFO - Wrote batch of size 1000 to SQLite database
2024-11-20 11:36:14,177 - INFO - Wrote batch of size 1000 to SQLite database
2024-11-20 11:36:24,170 - INFO - Wrote batch of size 1000 to SQLite database
2024-11-20 11:36:24,501 - INFO - Vacuumed SQLite database at D:\NewData\scan_2024_11_20_09_45_43.sqlite
2024-11-20 11:36:33,512 - INFO - Exported SQLite to CSV at D:\NewData\scan_2024_11_20_09_45_43.csv
2024-11-20 11:36:34,174 - INFO - Wrote batch of size 1000 to SQLite database
2024-11-20 11:36:44,180 - INFO - Wrote batch of size 1000 to SQLite database
2024-11-20 11:36:54,171 - INFO - Wrote batch of size 1000 to SQLite database
2024-11-20 11:37:04,171 - INFO - Wrote batch of size 1000 to SQLite database
2024-11-20 11:37:14,173 - INFO - Wrote batch of size 1000 to SQLite database
2024-11-20 11:37:24,171 - INFO - Wrote batch of size 1000 to SQLite database
2024-11-20 11:37:34,172 - INFO - Wrote batch of size 1000 to SQLite database
2024-11-20 11:37:44,174 - INFO - Wrote batch of size 1000 to SQLite database
2024-11-20 11:37:54,171 - INFO - Wrote batch of size 1000 to SQLite database
2024-11-20 11:38:04,171 - INFO - Wrote batch of size 1000 to SQLite database
2024-11-20 11:38:14,172 - INFO - Wrote batch of size 1000 to SQLite database
2024-11-20 11:38:24,172 - INFO - Wrote batch of size 1000 to SQLite database
2024-11-20 11:38:34,172 - INFO - Wrote batch of size 1000 to SQLite database
2024-11-20 11:38:44,173 - INFO - Wrote batch of size 1000 to SQLite database
2024-11-20 11:38:54,172 - INFO - Wrote batch of size 1000 to SQLite database
2024-11-20 11:39:04,177 - INFO - Wrote batch of size 1000 to SQLite database
2024-11-20 11:39:14,171 - INFO - Wrote batch of size 1000 to SQLite database
2024-11-20 11:39:24,173 - INFO - Wrote batch of size 1000 to SQLite database
2024-11-20 11:39:34,171 - INFO - Wrote batch of size 1000 to SQLite database
2024-11-20 11:39:44,171 - INFO - Wrote batch of size 1000 to SQLite database
2024-11-20 11:39:54,171 - INFO - Wrote batch of size 1000 to SQLite database
2024-11-20 11:40:04,171 - INFO - Wrote batch of size 1000 to SQLite database
2024-11-20 11:40:14,173 - INFO - Wrote batch of size 1000 to SQLite database
2024-11-20 11:40:24,171 - INFO - Wrote batch of size 1000 to SQLite database
2024-11-20 11:40:34,172 - INFO - Wrote batch of size 1000 to SQLite database
2024-11-20 11:40:44,173 - INFO - Wrote batch of size 1000 to SQLite database
2024-11-20 11:40:54,172 - INFO - Wrote batch of size 1000 to SQLite database
2024-11-20 11:41:04,175 - INFO - Wrote batch of size 1000 to SQLite database
2024-11-20 11:41:14,174 - INFO - Wrote batch of size 1000 to SQLite database
2024-11-20 11:41:24,172 - INFO - Wrote batch of size 1000 to SQLite database
2024-11-20 11:41:34,177 - INFO - Wrote batch of size 1000 to SQLite database
2024-11-20 11:41:37,429 - INFO - Exported SQLite to CSV at D:\NewData\scan_2024_11_20_09_45_43.csv
2024-11-20 11:41:44,172 - INFO - Wrote batch of size 1000 to SQLite database
2024-11-20 11:41:54,182 - INFO - Wrote batch of size 1000 to SQLite database
2024-11-20 11:42:04,172 - INFO - Wrote batch of size 1000 to SQLite database
2024-11-20 11:42:14,173 - INFO - Wrote batch of size 1000 to SQLite database
2024-11-20 11:42:24,173 - INFO - Wrote batch of size 1000 to SQLite database
2024-11-20 11:42:34,171 - INFO - Wrote batch of size 1000 to SQLite database
2024-11-20 11:42:44,172 - INFO - Wrote batch of size 1000 to SQLite database
2024-11-20 11:42:54,172 - INFO - Wrote batch of size 1000 to SQLite database
2024-11-20 11:43:04,172 - INFO - Wrote batch of size 1000 to SQLite database
2024-11-20 11:43:14,174 - INFO - Wrote batch of size 1000 to SQLite database
2024-11-20 11:43:24,174 - INFO - Wrote batch of size 1000 to SQLite database
2024-11-20 11:43:34,173 - INFO - Wrote batch of size 1000 to SQLite database
2024-11-20 11:43:44,171 - INFO - Wrote batch of size 1000 to SQLite database
2024-11-20 11:43:54,189 - INFO - Wrote batch of size 1000 to SQLite database
2024-11-20 11:44:04,184 - INFO - Wrote batch of size 1000 to SQLite database
2024-11-20 11:44:14,173 - INFO - Wrote batch of size 1000 to SQLite database
2024-11-20 11:44:24,178 - INFO - Wrote batch of size 1000 to SQLite database
2024-11-20 11:44:34,172 - INFO - Wrote batch of size 1000 to SQLite database
2024-11-20 11:44:44,172 - INFO - Wrote batch of size 1000 to SQLite database
2024-11-20 11:44:54,172 - INFO - Wrote batch of size 1000 to SQLite database
2024-11-20 11:45:04,172 - INFO - Wrote batch of size 1000 to SQLite database
2024-11-20 11:45:14,179 - INFO - Wrote batch of size 1000 to SQLite database
2024-11-20 11:45:24,174 - INFO - Wrote batch of size 1000 to SQLite database
2024-11-20 11:45:34,171 - INFO - Wrote batch of size 1000 to SQLite database
2024-11-20 11:45:44,172 - INFO - Wrote batch of size 1000 to SQLite database
2024-11-20 11:45:54,173 - INFO - Wrote batch of size 1000 to SQLite database
2024-11-20 11:46:04,172 - INFO - Wrote batch of size 1000 to SQLite database
2024-11-20 11:46:14,173 - INFO - Wrote batch of size 1000 to SQLite database
2024-11-20 11:46:24,171 - INFO - Wrote batch of size 1000 to SQLite database
2024-11-20 11:46:34,172 - INFO - Wrote batch of size 1000 to SQLite database
2024-11-20 11:46:41,557 - INFO - Exported SQLite to CSV at D:\NewData\scan_2024_11_20_09_45_43.csv
2024-11-20 11:46:44,173 - INFO - Wrote batch of size 1000 to SQLite database
2024-11-20 11:46:54,183 - INFO - Wrote batch of size 1000 to SQLite database
2024-11-20 11:47:04,173 - INFO - Wrote batch of size 1000 to SQLite database
2024-11-20 11:47:14,172 - INFO - Wrote batch of size 1000 to SQLite database
2024-11-20 11:47:24,172 - INFO - Wrote batch of size 1000 to SQLite database
2024-11-20 11:47:34,172 - INFO - Wrote batch of size 1000 to SQLite database
2024-11-20 11:47:44,173 - INFO - Wrote batch of size 1000 to SQLite database
2024-11-20 11:47:54,173 - INFO - Wrote batch of size 1000 to SQLite database
2024-11-20 11:48:04,173 - INFO - Wrote batch of size 1000 to SQLite database
2024-11-20 11:48:14,172 - INFO - Wrote batch of size 1000 to SQLite database
2024-11-20 11:48:24,172 - INFO - Wrote batch of size 1000 to SQLite database
2024-11-20 11:48:34,172 - INFO - Wrote batch of size 1000 to SQLite database
2024-11-20 11:48:44,173 - INFO - Wrote batch of size 1000 to SQLite database
2024-11-20 11:48:54,176 - INFO - Wrote batch of size 1000 to SQLite database
2024-11-20 11:49:04,172 - INFO - Wrote batch of size 1000 to SQLite database
2024-11-20 11:49:14,173 - INFO - Wrote batch of size 1000 to SQLite database
2024-11-20 11:49:24,173 - INFO - Wrote batch of size 1000 to SQLite database
2024-11-20 11:49:34,172 - INFO - Wrote batch of size 1000 to SQLite database
2024-11-20 11:49:44,173 - INFO - Wrote batch of size 1000 to SQLite database
2024-11-20 11:49:54,174 - INFO - Wrote batch of size 1000 to SQLite database
2024-11-20 11:50:04,173 - INFO - Wrote batch of size 1000 to SQLite database
2024-11-20 11:50:14,173 - INFO - Wrote batch of size 1000 to SQLite database
2024-11-20 11:50:24,173 - INFO - Wrote batch of size 1000 to SQLite database
2024-11-20 11:50:34,172 - INFO - Wrote batch of size 1000 to SQLite database
2024-11-20 11:50:44,173 - INFO - Wrote batch of size 1000 to SQLite database
2024-11-20 11:50:54,175 - INFO - Wrote batch of size 1000 to SQLite database
2024-11-20 11:51:04,173 - INFO - Wrote batch of size 1000 to SQLite database
2024-11-20 11:51:14,172 - INFO - Wrote batch of size 1000 to SQLite database
2024-11-20 11:51:24,188 - INFO - Wrote batch of size 1000 to SQLite database
2024-11-20 11:51:34,176 - INFO - Wrote batch of size 1000 to SQLite database
2024-11-20 11:51:44,233 - INFO - Wrote batch of size 1001 to SQLite database
2024-11-20 11:51:45,921 - INFO - Exported SQLite to CSV at D:\NewData\scan_2024_11_20_09_45_43.csv
2024-11-20 11:51:54,182 - INFO - Wrote batch of size 1000 to SQLite database
2024-11-20 11:52:04,173 - INFO - Wrote batch of size 1000 to SQLite database
2024-11-20 11:52:14,174 - INFO - Wrote batch of size 1000 to SQLite database
2024-11-20 11:52:24,173 - INFO - Wrote batch of size 1000 to SQLite database
2024-11-20 11:52:34,173 - INFO - Wrote batch of size 1000 to SQLite database
2024-11-20 11:52:44,173 - INFO - Wrote batch of size 1000 to SQLite database
2024-11-20 11:52:54,173 - INFO - Wrote batch of size 1000 to SQLite database
2024-11-20 11:53:04,173 - INFO - Wrote batch of size 1000 to SQLite database
2024-11-20 11:53:04,560 - INFO - Vacuumed SQLite database at D:\NewData\scan_2024_11_20_09_45_43.sqlite
2024-11-20 11:53:14,184 - INFO - Wrote batch of size 1000 to SQLite database
2024-11-20 11:53:24,173 - INFO - Wrote batch of size 1000 to SQLite database
2024-11-20 11:53:34,175 - INFO - Wrote batch of size 1000 to SQLite database
2024-11-20 11:53:44,178 - INFO - Wrote batch of size 1000 to SQLite database
2024-11-20 11:53:54,173 - INFO - Wrote batch of size 1000 to SQLite database
2024-11-20 11:54:04,173 - INFO - Wrote batch of size 1000 to SQLite database
2024-11-20 11:54:14,173 - INFO - Wrote batch of size 1000 to SQLite database
2024-11-20 11:54:24,173 - INFO - Wrote batch of size 1000 to SQLite database
2024-11-20 11:54:34,173 - INFO - Wrote batch of size 1000 to SQLite database
2024-11-20 11:54:44,175 - INFO - Wrote batch of size 1000 to SQLite database
2024-11-20 11:54:54,172 - INFO - Wrote batch of size 1000 to SQLite database
2024-11-20 11:55:04,173 - INFO - Wrote batch of size 1000 to SQLite database
2024-11-20 11:55:14,173 - INFO - Wrote batch of size 1000 to SQLite database
2024-11-20 11:55:24,173 - INFO - Wrote batch of size 1000 to SQLite database
2024-11-20 11:55:34,175 - INFO - Wrote batch of size 1000 to SQLite database
2024-11-20 11:55:44,174 - INFO - Wrote batch of size 1000 to SQLite database
2024-11-20 11:55:54,178 - INFO - Wrote batch of size 1000 to SQLite database
2024-11-20 11:56:04,173 - INFO - Wrote batch of size 1000 to SQLite database
2024-11-20 11:56:14,173 - INFO - Wrote batch of size 1000 to SQLite database
2024-11-20 11:56:24,173 - INFO - Wrote batch of size 1000 to SQLite database
2024-11-20 11:56:34,173 - INFO - Wrote batch of size 1000 to SQLite database
2024-11-20 11:56:44,173 - INFO - Wrote batch of size 1000 to SQLite database
2024-11-20 11:56:50,542 - INFO - Exported SQLite to CSV at D:\NewData\scan_2024_11_20_09_45_43.csv
2024-11-20 11:56:54,175 - INFO - Wrote batch of size 1000 to SQLite database
2024-11-20 11:57:04,183 - INFO - Wrote batch of size 1000 to SQLite database
2024-11-20 11:57:14,175 - INFO - Wrote batch of size 1000 to SQLite database
2024-11-20 11:57:24,175 - INFO - Wrote batch of size 1000 to SQLite database
2024-11-20 11:57:34,178 - INFO - Wrote batch of size 1000 to SQLite database
2024-11-20 11:57:44,173 - INFO - Wrote batch of size 1000 to SQLite database
2024-11-20 11:57:54,172 - INFO - Wrote batch of size 1000 to SQLite database
2024-11-20 11:58:04,174 - INFO - Wrote batch of size 1000 to SQLite database
2024-11-20 11:58:14,175 - INFO - Wrote batch of size 1000 to SQLite database
2024-11-20 11:58:24,176 - INFO - Wrote batch of size 1000 to SQLite database
2024-11-20 11:58:34,176 - INFO - Wrote batch of size 1000 to SQLite database
2024-11-20 11:58:44,174 - INFO - Wrote batch of size 1000 to SQLite database
2024-11-20 11:58:54,174 - INFO - Wrote batch of size 1000 to SQLite database
2024-11-20 11:59:04,174 - INFO - Wrote batch of size 1000 to SQLite database
2024-11-20 11:59:14,173 - INFO - Wrote batch of size 1000 to SQLite database
2024-11-20 11:59:24,174 - INFO - Wrote batch of size 1000 to SQLite database
2024-11-20 11:59:34,173 - INFO - Wrote batch of size 1000 to SQLite database
2024-11-20 11:59:44,175 - INFO - Wrote batch of size 1000 to SQLite database
2024-11-20 11:59:54,174 - INFO - Wrote batch of size 1000 to SQLite database
2024-11-20 12:00:04,174 - INFO - Wrote batch of size 1000 to SQLite database
2024-11-20 12:00:14,174 - INFO - Wrote batch of size 1000 to SQLite database
2024-11-20 12:00:24,176 - INFO - Wrote batch of size 1000 to SQLite database
2024-11-20 12:00:34,191 - INFO - Wrote batch of size 1000 to SQLite database
2024-11-20 12:00:44,184 - INFO - Wrote batch of size 1000 to SQLite database
2024-11-20 12:00:54,174 - INFO - Wrote batch of size 1000 to SQLite database
2024-11-20 12:01:04,173 - INFO - Wrote batch of size 1000 to SQLite database
2024-11-20 12:01:14,174 - INFO - Wrote batch of size 1000 to SQLite database
2024-11-20 12:01:24,174 - INFO - Wrote batch of size 1000 to SQLite database
2024-11-20 12:01:34,175 - INFO - Wrote batch of size 1000 to SQLite database
2024-11-20 12:01:44,174 - INFO - Wrote batch of size 1000 to SQLite database
2024-11-20 12:01:54,280 - INFO - Wrote batch of size 1000 to SQLite database
2024-11-20 12:01:55,482 - INFO - Exported SQLite to CSV at D:\NewData\scan_2024_11_20_09_45_43.csv
2024-11-20 12:02:04,189 - INFO - Wrote batch of size 1000 to SQLite database
2024-11-20 12:02:14,174 - INFO - Wrote batch of size 1000 to SQLite database
2024-11-20 12:02:24,173 - INFO - Wrote batch of size 1000 to SQLite database
2024-11-20 12:02:34,175 - INFO - Wrote batch of size 1000 to SQLite database
2024-11-20 12:02:44,174 - INFO - Wrote batch of size 1000 to SQLite database
2024-11-20 12:02:54,174 - INFO - Wrote batch of size 1000 to SQLite database
2024-11-20 12:03:04,173 - INFO - Wrote batch of size 1000 to SQLite database
2024-11-20 12:03:14,175 - INFO - Wrote batch of size 1000 to SQLite database
2024-11-20 12:03:24,172 - INFO - Wrote batch of size 1000 to SQLite database
2024-11-20 12:03:34,174 - INFO - Wrote batch of size 1000 to SQLite database
2024-11-20 12:03:44,175 - INFO - Wrote batch of size 1000 to SQLite database
2024-11-20 12:03:54,174 - INFO - Wrote batch of size 1000 to SQLite database
2024-11-20 12:04:04,174 - INFO - Wrote batch of size 1000 to SQLite database
2024-11-20 12:04:14,175 - INFO - Wrote batch of size 1000 to SQLite database
2024-11-20 12:04:24,175 - INFO - Wrote batch of size 1000 to SQLite database
2024-11-20 12:04:34,175 - INFO - Wrote batch of size 1000 to SQLite database
2024-11-20 12:04:44,174 - INFO - Wrote batch of size 1000 to SQLite database
2024-11-20 12:04:54,175 - INFO - Wrote batch of size 1000 to SQLite database
2024-11-20 12:05:04,179 - INFO - Wrote batch of size 1000 to SQLite database
2024-11-20 12:05:14,176 - INFO - Wrote batch of size 1000 to SQLite database
2024-11-20 12:05:24,175 - INFO - Wrote batch of size 1000 to SQLite database
2024-11-20 12:05:34,174 - INFO - Wrote batch of size 1000 to SQLite database
2024-11-20 12:05:44,175 - INFO - Wrote batch of size 1000 to SQLite database
2024-11-20 12:05:54,174 - INFO - Wrote batch of size 1000 to SQLite database
2024-11-20 12:06:04,175 - INFO - Wrote batch of size 1000 to SQLite database
2024-11-20 12:06:14,174 - INFO - Wrote batch of size 1000 to SQLite database
2024-11-20 12:06:24,175 - INFO - Wrote batch of size 1000 to SQLite database
2024-11-20 12:06:34,174 - INFO - Wrote batch of size 1000 to SQLite database
2024-11-20 12:06:44,174 - INFO - Wrote batch of size 1000 to SQLite database
2024-11-20 12:06:54,174 - INFO - Wrote batch of size 1000 to SQLite database
2024-11-20 12:07:00,551 - INFO - Exported SQLite to CSV at D:\NewData\scan_2024_11_20_09_45_43.csv
2024-11-20 12:07:04,176 - INFO - Wrote batch of size 1000 to SQLite database
2024-11-20 12:07:14,186 - INFO - Wrote batch of size 1000 to SQLite database
2024-11-20 12:07:24,174 - INFO - Wrote batch of size 1000 to SQLite database
2024-11-20 12:07:34,174 - INFO - Wrote batch of size 1000 to SQLite database
2024-11-20 12:07:44,174 - INFO - Wrote batch of size 1000 to SQLite database
2024-11-20 12:07:54,174 - INFO - Wrote batch of size 1000 to SQLite database
2024-11-20 12:08:04,195 - INFO - Wrote batch of size 1000 to SQLite database
2024-11-20 12:08:14,186 - INFO - Wrote batch of size 1000 to SQLite database
2024-11-20 12:08:24,174 - INFO - Wrote batch of size 1000 to SQLite database
2024-11-20 12:08:34,176 - INFO - Wrote batch of size 1000 to SQLite database
2024-11-20 12:08:44,180 - INFO - Wrote batch of size 1000 to SQLite database
2024-11-20 12:08:54,175 - INFO - Wrote batch of size 1000 to SQLite database
2024-11-20 12:09:04,174 - INFO - Wrote batch of size 1000 to SQLite database
2024-11-20 12:09:14,181 - INFO - Wrote batch of size 1000 to SQLite database
2024-11-20 12:09:24,177 - INFO - Wrote batch of size 1000 to SQLite database
2024-11-20 12:09:34,175 - INFO - Wrote batch of size 1000 to SQLite database
2024-11-20 12:09:44,175 - INFO - Wrote batch of size 1000 to SQLite database
2024-11-20 12:09:44,604 - INFO - Vacuumed SQLite database at D:\NewData\scan_2024_11_20_09_45_43.sqlite
2024-11-20 12:09:54,178 - INFO - Wrote batch of size 1000 to SQLite database
2024-11-20 12:10:04,177 - INFO - Wrote batch of size 1000 to SQLite database
2024-11-20 12:10:14,174 - INFO - Wrote batch of size 1000 to SQLite database
2024-11-20 12:10:24,175 - INFO - Wrote batch of size 1000 to SQLite database
2024-11-20 12:10:34,174 - INFO - Wrote batch of size 1000 to SQLite database
2024-11-20 12:10:44,176 - INFO - Wrote batch of size 1000 to SQLite database
2024-11-20 12:10:54,175 - INFO - Wrote batch of size 1000 to SQLite database
2024-11-20 12:11:04,175 - INFO - Wrote batch of size 1000 to SQLite database
2024-11-20 12:11:14,175 - INFO - Wrote batch of size 1000 to SQLite database
2024-11-20 12:11:24,175 - INFO - Wrote batch of size 1000 to SQLite database
2024-11-20 12:11:34,174 - INFO - Wrote batch of size 1000 to SQLite database
2024-11-20 12:11:44,175 - INFO - Wrote batch of size 1000 to SQLite database
2024-11-20 12:11:54,175 - INFO - Wrote batch of size 1000 to SQLite database
2024-11-20 12:12:04,259 - INFO - Wrote batch of size 1000 to SQLite database
2024-11-20 12:12:05,852 - INFO - Exported SQLite to CSV at D:\NewData\scan_2024_11_20_09_45_43.csv
2024-11-20 12:12:14,189 - INFO - Wrote batch of size 1000 to SQLite database
2024-11-20 12:12:24,175 - INFO - Wrote batch of size 1000 to SQLite database
2024-11-20 12:12:34,174 - INFO - Wrote batch of size 1000 to SQLite database
2024-11-20 12:12:44,177 - INFO - Wrote batch of size 1000 to SQLite database
2024-11-20 12:12:54,175 - INFO - Wrote batch of size 1000 to SQLite database
2024-11-20 12:13:04,175 - INFO - Wrote batch of size 1000 to SQLite database
2024-11-20 12:13:14,180 - INFO - Wrote batch of size 1000 to SQLite database
2024-11-20 12:13:24,178 - INFO - Wrote batch of size 1000 to SQLite database
2024-11-20 12:13:34,175 - INFO - Wrote batch of size 1000 to SQLite database
2024-11-20 12:13:44,176 - INFO - Wrote batch of size 1000 to SQLite database
2024-11-20 12:13:54,175 - INFO - Wrote batch of size 1000 to SQLite database
2024-11-20 12:14:04,176 - INFO - Wrote batch of size 1000 to SQLite database
2024-11-20 12:14:14,175 - INFO - Wrote batch of size 1000 to SQLite database
2024-11-20 12:14:24,176 - INFO - Wrote batch of size 1000 to SQLite database
2024-11-20 12:14:34,176 - INFO - Wrote batch of size 1000 to SQLite database
2024-11-20 12:14:44,177 - INFO - Wrote batch of size 1000 to SQLite database
2024-11-20 12:14:54,176 - INFO - Wrote batch of size 1000 to SQLite database
2024-11-20 12:15:04,175 - INFO - Wrote batch of size 1000 to SQLite database
2024-11-20 12:15:14,176 - INFO - Wrote batch of size 1000 to SQLite database
2024-11-20 12:15:24,175 - INFO - Wrote batch of size 1000 to SQLite database
2024-11-20 12:15:34,175 - INFO - Wrote batch of size 1000 to SQLite database
2024-11-20 12:15:44,175 - INFO - Wrote batch of size 1000 to SQLite database
2024-11-20 12:15:54,175 - INFO - Wrote batch of size 1000 to SQLite database
2024-11-20 12:16:04,176 - INFO - Wrote batch of size 1000 to SQLite database
2024-11-20 12:16:14,179 - INFO - Wrote batch of size 1000 to SQLite database
2024-11-20 12:16:24,175 - INFO - Wrote batch of size 1000 to SQLite database
2024-11-20 12:16:34,178 - INFO - Wrote batch of size 1000 to SQLite database
2024-11-20 12:16:44,175 - INFO - Wrote batch of size 1000 to SQLite database
2024-11-20 12:16:54,176 - INFO - Wrote batch of size 1000 to SQLite database
2024-11-20 12:17:04,180 - INFO - Wrote batch of size 1000 to SQLite database
2024-11-20 12:17:11,454 - INFO - Exported SQLite to CSV at D:\NewData\scan_2024_11_20_09_45_43.csv
2024-11-20 12:17:14,187 - INFO - Wrote batch of size 1000 to SQLite database
2024-11-20 12:17:24,191 - INFO - Wrote batch of size 1000 to SQLite database
2024-11-20 12:17:34,175 - INFO - Wrote batch of size 1000 to SQLite database
2024-11-20 12:17:44,175 - INFO - Wrote batch of size 1000 to SQLite database
2024-11-20 12:17:54,176 - INFO - Wrote batch of size 1000 to SQLite database
2024-11-20 12:18:04,175 - INFO - Wrote batch of size 1000 to SQLite database
2024-11-20 12:18:14,175 - INFO - Wrote batch of size 1000 to SQLite database
2024-11-20 12:18:24,175 - INFO - Wrote batch of size 1000 to SQLite database
2024-11-20 12:18:34,175 - INFO - Wrote batch of size 1000 to SQLite database
2024-11-20 12:18:44,175 - INFO - Wrote batch of size 1000 to SQLite database
2024-11-20 12:18:54,175 - INFO - Wrote batch of size 1000 to SQLite database
2024-11-20 12:19:04,176 - INFO - Wrote batch of size 1000 to SQLite database
2024-11-20 12:19:14,176 - INFO - Wrote batch of size 1000 to SQLite database
2024-11-20 12:19:24,176 - INFO - Wrote batch of size 1000 to SQLite database
2024-11-20 12:19:34,175 - INFO - Wrote batch of size 1000 to SQLite database
2024-11-20 12:19:44,176 - INFO - Wrote batch of size 1000 to SQLite database
2024-11-20 12:19:54,175 - INFO - Wrote batch of size 1000 to SQLite database
2024-11-20 12:20:04,176 - INFO - Wrote batch of size 1000 to SQLite database
2024-11-20 12:20:14,177 - INFO - Wrote batch of size 1000 to SQLite database
2024-11-20 12:20:24,176 - INFO - Wrote batch of size 1000 to SQLite database
2024-11-20 12:20:34,177 - INFO - Wrote batch of size 1000 to SQLite database
2024-11-20 12:20:44,176 - INFO - Wrote batch of size 1000 to SQLite database
2024-11-20 12:20:54,176 - INFO - Wrote batch of size 1000 to SQLite database
2024-11-20 12:21:04,175 - INFO - Wrote batch of size 1000 to SQLite database
2024-11-20 12:21:14,176 - INFO - Wrote batch of size 1000 to SQLite database
2024-11-20 12:21:24,176 - INFO - Wrote batch of size 1000 to SQLite database
2024-11-20 12:21:34,176 - INFO - Wrote batch of size 1000 to SQLite database
2024-11-20 12:21:44,176 - INFO - Wrote batch of size 1000 to SQLite database
2024-11-20 12:21:54,176 - INFO - Wrote batch of size 1000 to SQLite database
2024-11-20 12:22:04,178 - INFO - Wrote batch of size 1000 to SQLite database
2024-11-20 12:22:14,221 - INFO - Wrote batch of size 1000 to SQLite database
2024-11-20 12:22:17,233 - INFO - Exported SQLite to CSV at D:\NewData\scan_2024_11_20_09_45_43.csv
2024-11-20 12:22:24,188 - INFO - Wrote batch of size 1000 to SQLite database
2024-11-20 12:22:34,179 - INFO - Wrote batch of size 1000 to SQLite database
2024-11-20 12:22:44,179 - INFO - Wrote batch of size 1000 to SQLite database
2024-11-20 12:22:54,176 - INFO - Wrote batch of size 1000 to SQLite database
2024-11-20 12:23:04,176 - INFO - Wrote batch of size 1000 to SQLite database
2024-11-20 12:23:14,181 - INFO - Wrote batch of size 1000 to SQLite database
2024-11-20 12:23:24,177 - INFO - Wrote batch of size 1000 to SQLite database
2024-11-20 12:23:34,177 - INFO - Wrote batch of size 1000 to SQLite database
2024-11-20 12:23:44,176 - INFO - Wrote batch of size 1000 to SQLite database
2024-11-20 12:23:54,176 - INFO - Wrote batch of size 1000 to SQLite database
2024-11-20 12:24:04,176 - INFO - Wrote batch of size 1000 to SQLite database
2024-11-20 12:24:14,176 - INFO - Wrote batch of size 1000 to SQLite database
2024-11-20 12:24:24,176 - INFO - Wrote batch of size 1000 to SQLite database
2024-11-20 12:24:34,177 - INFO - Wrote batch of size 1000 to SQLite database
2024-11-20 12:24:44,194 - INFO - Wrote batch of size 1000 to SQLite database
2024-11-20 12:24:54,185 - INFO - Wrote batch of size 1000 to SQLite database
2024-11-20 12:25:04,176 - INFO - Wrote batch of size 1000 to SQLite database
2024-11-20 12:25:14,181 - INFO - Wrote batch of size 1000 to SQLite database
2024-11-20 12:25:24,177 - INFO - Wrote batch of size 1000 to SQLite database
2024-11-20 12:25:34,177 - INFO - Wrote batch of size 1000 to SQLite database
2024-11-20 12:25:44,176 - INFO - Wrote batch of size 1000 to SQLite database
2024-11-20 12:25:54,177 - INFO - Wrote batch of size 1000 to SQLite database
2024-11-20 12:26:04,176 - INFO - Wrote batch of size 1000 to SQLite database
2024-11-20 12:26:14,177 - INFO - Wrote batch of size 1000 to SQLite database
2024-11-20 12:26:24,177 - INFO - Wrote batch of size 1000 to SQLite database
2024-11-20 12:26:24,660 - INFO - Vacuumed SQLite database at D:\NewData\scan_2024_11_20_09_45_43.sqlite
2024-11-20 12:26:34,187 - INFO - Wrote batch of size 1000 to SQLite database
2024-11-20 12:26:44,177 - INFO - Wrote batch of size 1000 to SQLite database
2024-11-20 12:26:54,181 - INFO - Wrote batch of size 1000 to SQLite database
2024-11-20 12:27:04,176 - INFO - Wrote batch of size 1000 to SQLite database
2024-11-20 12:27:14,181 - INFO - Wrote batch of size 1000 to SQLite database
2024-11-20 12:27:23,093 - INFO - Exported SQLite to CSV at D:\NewData\scan_2024_11_20_09_45_43.csv
2024-11-20 12:27:24,176 - INFO - Wrote batch of size 1000 to SQLite database
2024-11-20 12:27:34,190 - INFO - Wrote batch of size 1000 to SQLite database
2024-11-20 12:27:44,177 - INFO - Wrote batch of size 1000 to SQLite database
2024-11-20 12:27:54,177 - INFO - Wrote batch of size 1000 to SQLite database
2024-11-20 12:28:04,177 - INFO - Wrote batch of size 1000 to SQLite database
2024-11-20 12:28:14,177 - INFO - Wrote batch of size 1000 to SQLite database
2024-11-20 12:28:24,177 - INFO - Wrote batch of size 1000 to SQLite database
2024-11-20 12:28:34,177 - INFO - Wrote batch of size 1000 to SQLite database
2024-11-20 12:28:44,177 - INFO - Wrote batch of size 1000 to SQLite database
2024-11-20 12:28:54,177 - INFO - Wrote batch of size 1000 to SQLite database
2024-11-20 12:29:04,179 - INFO - Wrote batch of size 1000 to SQLite database
2024-11-20 12:29:14,176 - INFO - Wrote batch of size 1000 to SQLite database
2024-11-20 12:29:24,177 - INFO - Wrote batch of size 1000 to SQLite database
2024-11-20 12:29:34,178 - INFO - Wrote batch of size 1000 to SQLite database
2024-11-20 12:29:44,177 - INFO - Wrote batch of size 1000 to SQLite database
2024-11-20 12:29:54,177 - INFO - Wrote batch of size 1000 to SQLite database
2024-11-20 12:30:04,177 - INFO - Wrote batch of size 1000 to SQLite database
2024-11-20 12:30:14,178 - INFO - Wrote batch of size 1000 to SQLite database
2024-11-20 12:30:24,178 - INFO - Wrote batch of size 1000 to SQLite database
2024-11-20 12:30:34,182 - INFO - Wrote batch of size 1000 to SQLite database
2024-11-20 12:30:44,177 - INFO - Wrote batch of size 1000 to SQLite database
2024-11-20 12:30:54,177 - INFO - Wrote batch of size 1000 to SQLite database
2024-11-20 12:31:04,177 - INFO - Wrote batch of size 1000 to SQLite database
2024-11-20 12:31:14,179 - INFO - Wrote batch of size 1000 to SQLite database
2024-11-20 12:31:24,177 - INFO - Wrote batch of size 1000 to SQLite database
2024-11-20 12:31:34,176 - INFO - Wrote batch of size 1000 to SQLite database
2024-11-20 12:31:44,181 - INFO - Wrote batch of size 1000 to SQLite database
2024-11-20 12:31:54,177 - INFO - Wrote batch of size 1000 to SQLite database
2024-11-20 12:32:04,177 - INFO - Wrote batch of size 1000 to SQLite database
2024-11-20 12:32:14,177 - INFO - Wrote batch of size 1000 to SQLite database
2024-11-20 12:32:24,177 - INFO - Wrote batch of size 1000 to SQLite database
2024-11-20 12:32:29,216 - INFO - Exported SQLite to CSV at D:\NewData\scan_2024_11_20_09_45_43.csv
2024-11-20 12:32:34,177 - INFO - Wrote batch of size 1000 to SQLite database
2024-11-20 12:32:44,191 - INFO - Wrote batch of size 1000 to SQLite database
2024-11-20 12:32:54,177 - INFO - Wrote batch of size 1000 to SQLite database
2024-11-20 12:33:04,178 - INFO - Wrote batch of size 1000 to SQLite database
2024-11-20 12:33:14,179 - INFO - Wrote batch of size 1000 to SQLite database
2024-11-20 12:33:24,181 - INFO - Wrote batch of size 1000 to SQLite database
2024-11-20 12:33:34,177 - INFO - Wrote batch of size 1000 to SQLite database
2024-11-20 12:33:44,178 - INFO - Wrote batch of size 1000 to SQLite database
2024-11-20 12:33:54,195 - INFO - Wrote batch of size 1000 to SQLite database
2024-11-20 12:34:04,183 - INFO - Wrote batch of size 1000 to SQLite database
2024-11-20 12:34:14,177 - INFO - Wrote batch of size 1000 to SQLite database
2024-11-20 12:34:24,178 - INFO - Wrote batch of size 1000 to SQLite database
2024-11-20 12:34:34,177 - INFO - Wrote batch of size 1000 to SQLite database
2024-11-20 12:34:44,177 - INFO - Wrote batch of size 1000 to SQLite database
2024-11-20 12:34:54,178 - INFO - Wrote batch of size 1000 to SQLite database
2024-11-20 12:35:04,178 - INFO - Wrote batch of size 1000 to SQLite database
2024-11-20 12:35:14,178 - INFO - Wrote batch of size 1000 to SQLite database
2024-11-20 12:35:24,177 - INFO - Wrote batch of size 1000 to SQLite database
2024-11-20 12:35:34,177 - INFO - Wrote batch of size 1000 to SQLite database
2024-11-20 12:35:44,180 - INFO - Wrote batch of size 1000 to SQLite database
2024-11-20 12:35:54,178 - INFO - Wrote batch of size 1000 to SQLite database
2024-11-20 12:36:04,180 - INFO - Wrote batch of size 1000 to SQLite database
2024-11-20 12:36:14,177 - INFO - Wrote batch of size 1000 to SQLite database
2024-11-20 12:36:24,178 - INFO - Wrote batch of size 1000 to SQLite database
2024-11-20 12:36:34,178 - INFO - Wrote batch of size 1000 to SQLite database
2024-11-20 12:36:44,178 - INFO - Wrote batch of size 1000 to SQLite database
2024-11-20 12:36:54,177 - INFO - Wrote batch of size 1000 to SQLite database
2024-11-20 12:37:04,178 - INFO - Wrote batch of size 1000 to SQLite database
2024-11-20 12:37:14,178 - INFO - Wrote batch of size 1000 to SQLite database
2024-11-20 12:37:24,178 - INFO - Wrote batch of size 1000 to SQLite database
2024-11-20 12:37:34,265 - INFO - Wrote batch of size 1000 to SQLite database
2024-11-20 12:37:35,505 - INFO - Exported SQLite to CSV at D:\NewData\scan_2024_11_20_09_45_43.csv
2024-11-20 12:37:44,191 - INFO - Wrote batch of size 1000 to SQLite database
2024-11-20 12:37:54,178 - INFO - Wrote batch of size 1000 to SQLite database
2024-11-20 12:38:04,178 - INFO - Wrote batch of size 1000 to SQLite database
2024-11-20 12:38:14,181 - INFO - Wrote batch of size 1000 to SQLite database
2024-11-20 12:38:24,178 - INFO - Wrote batch of size 1000 to SQLite database
2024-11-20 12:38:34,179 - INFO - Wrote batch of size 1000 to SQLite database
2024-11-20 12:38:44,178 - INFO - Wrote batch of size 1000 to SQLite database
2024-11-20 12:38:54,179 - INFO - Wrote batch of size 1000 to SQLite database
2024-11-20 12:39:04,178 - INFO - Wrote batch of size 1000 to SQLite database
2024-11-20 12:39:14,178 - INFO - Wrote batch of size 1000 to SQLite database
2024-11-20 12:39:24,178 - INFO - Wrote batch of size 1000 to SQLite database
2024-11-20 12:39:34,177 - INFO - Wrote batch of size 1000 to SQLite database
2024-11-20 12:39:44,179 - INFO - Wrote batch of size 1000 to SQLite database
2024-11-20 12:39:54,178 - INFO - Wrote batch of size 1000 to SQLite database
2024-11-20 12:40:04,178 - INFO - Wrote batch of size 1000 to SQLite database
2024-11-20 12:40:14,178 - INFO - Wrote batch of size 1000 to SQLite database
2024-11-20 12:40:24,179 - INFO - Wrote batch of size 1000 to SQLite database
2024-11-20 12:40:34,178 - INFO - Wrote batch of size 1000 to SQLite database
2024-11-20 12:40:44,179 - INFO - Wrote batch of size 1000 to SQLite database
2024-11-20 12:40:54,178 - INFO - Wrote batch of size 1000 to SQLite database
2024-11-20 12:41:04,179 - INFO - Wrote batch of size 1000 to SQLite database
2024-11-20 12:41:14,178 - INFO - Wrote batch of size 1000 to SQLite database
2024-11-20 12:41:24,197 - INFO - Wrote batch of size 1000 to SQLite database
2024-11-20 12:41:34,183 - INFO - Wrote batch of size 1000 to SQLite database
2024-11-20 12:41:44,179 - INFO - Wrote batch of size 1000 to SQLite database
2024-11-20 12:41:54,178 - INFO - Wrote batch of size 1000 to SQLite database
2024-11-20 12:42:04,179 - INFO - Wrote batch of size 1000 to SQLite database
2024-11-20 12:42:14,179 - INFO - Wrote batch of size 1000 to SQLite database
2024-11-20 12:42:24,182 - INFO - Wrote batch of size 1000 to SQLite database
2024-11-20 12:42:34,179 - INFO - Wrote batch of size 1000 to SQLite database
2024-11-20 12:42:42,022 - INFO - Exported SQLite to CSV at D:\NewData\scan_2024_11_20_09_45_43.csv
2024-11-20 12:42:44,178 - INFO - Wrote batch of size 1000 to SQLite database
2024-11-20 12:42:54,194 - INFO - Wrote batch of size 1000 to SQLite database
2024-11-20 12:43:04,181 - INFO - Wrote batch of size 1000 to SQLite database
2024-11-20 12:43:04,687 - INFO - Vacuumed SQLite database at D:\NewData\scan_2024_11_20_09_45_43.sqlite
2024-11-20 12:43:14,184 - INFO - Wrote batch of size 1000 to SQLite database
2024-11-20 12:43:24,178 - INFO - Wrote batch of size 1000 to SQLite database
2024-11-20 12:43:34,178 - INFO - Wrote batch of size 1000 to SQLite database
2024-11-20 12:43:44,178 - INFO - Wrote batch of size 1000 to SQLite database
2024-11-20 12:43:54,178 - INFO - Wrote batch of size 1000 to SQLite database
2024-11-20 12:44:04,178 - INFO - Wrote batch of size 1000 to SQLite database
2024-11-20 12:44:14,179 - INFO - Wrote batch of size 1000 to SQLite database
2024-11-20 12:44:24,180 - INFO - Wrote batch of size 1000 to SQLite database
2024-11-20 12:44:34,179 - INFO - Wrote batch of size 1000 to SQLite database
2024-11-20 12:44:44,182 - INFO - Wrote batch of size 1000 to SQLite database
2024-11-20 12:44:54,179 - INFO - Wrote batch of size 1000 to SQLite database
2024-11-20 12:45:04,180 - INFO - Wrote batch of size 1000 to SQLite database
2024-11-20 12:45:14,179 - INFO - Wrote batch of size 1000 to SQLite database
2024-11-20 12:45:24,179 - INFO - Wrote batch of size 1000 to SQLite database
2024-11-20 12:45:34,179 - INFO - Wrote batch of size 1000 to SQLite database
2024-11-20 12:45:44,179 - INFO - Wrote batch of size 1000 to SQLite database
2024-11-20 12:45:54,179 - INFO - Wrote batch of size 1000 to SQLite database
2024-11-20 12:46:04,179 - INFO - Wrote batch of size 1000 to SQLite database
2024-11-20 12:46:14,178 - INFO - Wrote batch of size 1000 to SQLite database
2024-11-20 12:46:24,180 - INFO - Wrote batch of size 1000 to SQLite database
2024-11-20 12:46:34,179 - INFO - Wrote batch of size 1000 to SQLite database
2024-11-20 12:46:44,178 - INFO - Wrote batch of size 1000 to SQLite database
2024-11-20 12:46:54,179 - INFO - Wrote batch of size 1000 to SQLite database
2024-11-20 12:47:04,180 - INFO - Wrote batch of size 1000 to SQLite database
2024-11-20 12:47:14,180 - INFO - Wrote batch of size 1000 to SQLite database
2024-11-20 12:47:24,180 - INFO - Wrote batch of size 1000 to SQLite database
2024-11-20 12:47:34,179 - INFO - Wrote batch of size 1000 to SQLite database
2024-11-20 12:47:44,187 - INFO - Wrote batch of size 1000 to SQLite database
2024-11-20 12:47:48,750 - INFO - Exported SQLite to CSV at D:\NewData\scan_2024_11_20_09_45_43.csv
2024-11-20 12:47:54,186 - INFO - Wrote batch of size 1000 to SQLite database
2024-11-20 12:48:04,187 - INFO - Wrote batch of size 1000 to SQLite database
2024-11-20 12:48:14,179 - INFO - Wrote batch of size 1000 to SQLite database
2024-11-20 12:48:24,180 - INFO - Wrote batch of size 1000 to SQLite database
2024-11-20 12:48:34,180 - INFO - Wrote batch of size 1000 to SQLite database
2024-11-20 12:48:44,179 - INFO - Wrote batch of size 1000 to SQLite database
2024-11-20 12:48:54,180 - INFO - Wrote batch of size 1000 to SQLite database
2024-11-20 12:49:04,179 - INFO - Wrote batch of size 1000 to SQLite database
2024-11-20 12:49:14,180 - INFO - Wrote batch of size 1000 to SQLite database
2024-11-20 12:49:24,179 - INFO - Wrote batch of size 1000 to SQLite database
2024-11-20 12:49:34,181 - INFO - Wrote batch of size 1000 to SQLite database
2024-11-20 12:49:44,180 - INFO - Wrote batch of size 1000 to SQLite database
2024-11-20 12:49:54,179 - INFO - Wrote batch of size 1000 to SQLite database
2024-11-20 12:50:04,179 - INFO - Wrote batch of size 1000 to SQLite database
2024-11-20 12:50:14,179 - INFO - Wrote batch of size 1000 to SQLite database
2024-11-20 12:50:24,179 - INFO - Wrote batch of size 1000 to SQLite database
2024-11-20 12:50:34,196 - INFO - Wrote batch of size 1000 to SQLite database
2024-11-20 12:50:44,191 - INFO - Wrote batch of size 1000 to SQLite database
2024-11-20 12:50:54,179 - INFO - Wrote batch of size 1000 to SQLite database
2024-11-20 12:51:04,179 - INFO - Wrote batch of size 1000 to SQLite database
2024-11-20 12:51:14,180 - INFO - Wrote batch of size 1000 to SQLite database
2024-11-20 12:51:24,181 - INFO - Wrote batch of size 1000 to SQLite database
2024-11-20 12:51:34,179 - INFO - Wrote batch of size 1000 to SQLite database
2024-11-20 12:51:44,178 - INFO - Wrote batch of size 1000 to SQLite database
2024-11-20 12:51:54,180 - INFO - Wrote batch of size 1000 to SQLite database
2024-11-20 12:52:04,180 - INFO - Wrote batch of size 1000 to SQLite database
2024-11-20 12:52:14,180 - INFO - Wrote batch of size 1000 to SQLite database
2024-11-20 12:52:24,180 - INFO - Wrote batch of size 1000 to SQLite database
2024-11-20 12:52:34,181 - INFO - Wrote batch of size 1000 to SQLite database
2024-11-20 12:52:44,179 - INFO - Wrote batch of size 1000 to SQLite database
2024-11-20 12:52:54,304 - INFO - Wrote batch of size 1000 to SQLite database
2024-11-20 12:52:55,636 - INFO - Exported SQLite to CSV at D:\NewData\scan_2024_11_20_09_45_43.csv
2024-11-20 12:53:04,195 - INFO - Wrote batch of size 1000 to SQLite database
2024-11-20 12:53:14,180 - INFO - Wrote batch of size 1000 to SQLite database
2024-11-20 12:53:24,180 - INFO - Wrote batch of size 1000 to SQLite database
2024-11-20 12:53:34,179 - INFO - Wrote batch of size 1000 to SQLite database
2024-11-20 12:53:44,180 - INFO - Wrote batch of size 1000 to SQLite database
2024-11-20 12:53:54,180 - INFO - Wrote batch of size 1000 to SQLite database
2024-11-20 12:54:04,179 - INFO - Wrote batch of size 1000 to SQLite database
2024-11-20 12:54:14,180 - INFO - Wrote batch of size 1000 to SQLite database
2024-11-20 12:54:24,180 - INFO - Wrote batch of size 1000 to SQLite database
2024-11-20 12:54:34,180 - INFO - Wrote batch of size 1000 to SQLite database
2024-11-20 12:54:44,181 - INFO - Wrote batch of size 1000 to SQLite database
2024-11-20 12:54:54,180 - INFO - Wrote batch of size 1000 to SQLite database
2024-11-20 12:55:04,180 - INFO - Wrote batch of size 1000 to SQLite database
2024-11-20 12:55:14,180 - INFO - Wrote batch of size 1000 to SQLite database
2024-11-20 12:55:24,181 - INFO - Wrote batch of size 1000 to SQLite database
2024-11-20 12:55:34,180 - INFO - Wrote batch of size 1000 to SQLite database
2024-11-20 12:55:44,180 - INFO - Wrote batch of size 1000 to SQLite database
2024-11-20 12:55:54,180 - INFO - Wrote batch of size 1000 to SQLite database
2024-11-20 12:56:04,180 - INFO - Wrote batch of size 1000 to SQLite database
2024-11-20 12:56:14,180 - INFO - Wrote batch of size 1000 to SQLite database
2024-11-20 12:56:24,181 - INFO - Wrote batch of size 1000 to SQLite database
2024-11-20 12:56:34,181 - INFO - Wrote batch of size 1000 to SQLite database
2024-11-20 12:56:44,181 - INFO - Wrote batch of size 1000 to SQLite database
2024-11-20 12:56:54,181 - INFO - Wrote batch of size 1000 to SQLite database
2024-11-20 12:57:04,180 - INFO - Wrote batch of size 1000 to SQLite database
2024-11-20 12:57:14,180 - INFO - Wrote batch of size 1000 to SQLite database
2024-11-20 12:57:24,180 - INFO - Wrote batch of size 1000 to SQLite database
2024-11-20 12:57:34,180 - INFO - Wrote batch of size 1000 to SQLite database
2024-11-20 12:57:44,179 - INFO - Wrote batch of size 1000 to SQLite database
2024-11-20 12:57:54,181 - INFO - Wrote batch of size 1000 to SQLite database
2024-11-20 12:58:02,745 - INFO - Exported SQLite to CSV at D:\NewData\scan_2024_11_20_09_45_43.csv
2024-11-20 12:58:04,189 - INFO - Wrote batch of size 1000 to SQLite database
2024-11-20 12:58:14,200 - INFO - Wrote batch of size 1000 to SQLite database
2024-11-20 12:58:24,181 - INFO - Wrote batch of size 1000 to SQLite database
2024-11-20 12:58:34,181 - INFO - Wrote batch of size 1000 to SQLite database
2024-11-20 12:58:44,182 - INFO - Wrote batch of size 1000 to SQLite database
2024-11-20 12:58:54,181 - INFO - Wrote batch of size 1000 to SQLite database
2024-11-20 12:59:04,189 - INFO - Wrote batch of size 1000 to SQLite database
2024-11-20 12:59:14,180 - INFO - Wrote batch of size 1000 to SQLite database
2024-11-20 12:59:24,183 - INFO - Wrote batch of size 1000 to SQLite database
2024-11-20 12:59:34,182 - INFO - Wrote batch of size 1000 to SQLite database
2024-11-20 12:59:44,180 - INFO - Wrote batch of size 1000 to SQLite database
2024-11-20 12:59:44,753 - INFO - Vacuumed SQLite database at D:\NewData\scan_2024_11_20_09_45_43.sqlite
2024-11-20 12:59:54,191 - INFO - Wrote batch of size 1000 to SQLite database
2024-11-20 13:00:04,180 - INFO - Wrote batch of size 1000 to SQLite database
2024-11-20 13:00:14,182 - INFO - Wrote batch of size 1000 to SQLite database
2024-11-20 13:00:24,181 - INFO - Wrote batch of size 1000 to SQLite database
2024-11-20 13:00:34,181 - INFO - Wrote batch of size 1000 to SQLite database
2024-11-20 13:00:44,180 - INFO - Wrote batch of size 1000 to SQLite database
2024-11-20 13:00:54,180 - INFO - Wrote batch of size 1000 to SQLite database
2024-11-20 13:01:04,182 - INFO - Wrote batch of size 1000 to SQLite database
2024-11-20 13:01:14,181 - INFO - Wrote batch of size 1000 to SQLite database
2024-11-20 13:01:24,180 - INFO - Wrote batch of size 1000 to SQLite database
2024-11-20 13:01:34,180 - INFO - Wrote batch of size 1000 to SQLite database
2024-11-20 13:01:44,181 - INFO - Wrote batch of size 1000 to SQLite database
2024-11-20 13:01:54,181 - INFO - Wrote batch of size 1000 to SQLite database
2024-11-20 13:02:04,181 - INFO - Wrote batch of size 1000 to SQLite database
2024-11-20 13:02:14,180 - INFO - Wrote batch of size 1000 to SQLite database
2024-11-20 13:02:24,181 - INFO - Wrote batch of size 1000 to SQLite database
2024-11-20 13:02:34,181 - INFO - Wrote batch of size 1000 to SQLite database
2024-11-20 13:02:44,183 - INFO - Wrote batch of size 1000 to SQLite database
2024-11-20 13:02:54,181 - INFO - Wrote batch of size 1000 to SQLite database
2024-11-20 13:03:04,191 - INFO - Wrote batch of size 1000 to SQLite database
2024-11-20 13:03:10,094 - INFO - Exported SQLite to CSV at D:\NewData\scan_2024_11_20_09_45_43.csv
2024-11-20 13:03:14,186 - INFO - Wrote batch of size 1000 to SQLite database
2024-11-20 13:03:24,197 - INFO - Wrote batch of size 1000 to SQLite database
2024-11-20 13:03:34,181 - INFO - Wrote batch of size 1000 to SQLite database
2024-11-20 13:03:44,181 - INFO - Wrote batch of size 1000 to SQLite database
2024-11-20 13:03:54,181 - INFO - Wrote batch of size 1000 to SQLite database
2024-11-20 13:04:04,182 - INFO - Wrote batch of size 1000 to SQLite database
2024-11-20 13:04:14,181 - INFO - Wrote batch of size 1000 to SQLite database
2024-11-20 13:04:24,181 - INFO - Wrote batch of size 1000 to SQLite database
2024-11-20 13:04:34,182 - INFO - Wrote batch of size 1000 to SQLite database
2024-11-20 13:04:44,180 - INFO - Wrote batch of size 1000 to SQLite database
2024-11-20 13:04:54,180 - INFO - Wrote batch of size 1000 to SQLite database
2024-11-20 13:05:04,181 - INFO - Wrote batch of size 1000 to SQLite database
2024-11-20 13:05:14,181 - INFO - Wrote batch of size 1000 to SQLite database
2024-11-20 13:05:24,182 - INFO - Wrote batch of size 1000 to SQLite database
2024-11-20 13:05:34,184 - INFO - Wrote batch of size 1000 to SQLite database
2024-11-20 13:05:44,181 - INFO - Wrote batch of size 1000 to SQLite database
2024-11-20 13:05:54,181 - INFO - Wrote batch of size 1000 to SQLite database
2024-11-20 13:06:04,183 - INFO - Wrote batch of size 1000 to SQLite database
2024-11-20 13:06:14,182 - INFO - Wrote batch of size 1000 to SQLite database
2024-11-20 13:06:24,183 - INFO - Wrote batch of size 1000 to SQLite database
2024-11-20 13:06:34,181 - INFO - Wrote batch of size 1000 to SQLite database
2024-11-20 13:06:44,182 - INFO - Wrote batch of size 1000 to SQLite database
2024-11-20 13:06:54,184 - INFO - Wrote batch of size 1000 to SQLite database
2024-11-20 13:07:04,181 - INFO - Wrote batch of size 1000 to SQLite database
2024-11-20 13:07:14,198 - INFO - Wrote batch of size 1000 to SQLite database
2024-11-20 13:07:24,186 - INFO - Wrote batch of size 1000 to SQLite database
2024-11-20 13:07:34,183 - INFO - Wrote batch of size 1000 to SQLite database
2024-11-20 13:07:44,181 - INFO - Wrote batch of size 1000 to SQLite database
2024-11-20 13:07:54,182 - INFO - Wrote batch of size 1000 to SQLite database
2024-11-20 13:08:04,182 - INFO - Wrote batch of size 1000 to SQLite database
2024-11-20 13:08:14,277 - INFO - Wrote batch of size 1000 to SQLite database
2024-11-20 13:08:17,544 - INFO - Exported SQLite to CSV at D:\NewData\scan_2024_11_20_09_45_43.csv
2024-11-20 13:08:24,201 - INFO - Wrote batch of size 1000 to SQLite database
2024-11-20 13:08:34,182 - INFO - Wrote batch of size 1000 to SQLite database
2024-11-20 13:08:44,181 - INFO - Wrote batch of size 1000 to SQLite database
2024-11-20 13:08:54,182 - INFO - Wrote batch of size 1000 to SQLite database
2024-11-20 13:09:04,182 - INFO - Wrote batch of size 1000 to SQLite database
2024-11-20 13:09:14,182 - INFO - Wrote batch of size 1000 to SQLite database
2024-11-20 13:09:24,182 - INFO - Wrote batch of size 1000 to SQLite database
2024-11-20 13:09:34,182 - INFO - Wrote batch of size 1000 to SQLite database
2024-11-20 13:09:44,182 - INFO - Wrote batch of size 1000 to SQLite database
2024-11-20 13:09:54,182 - INFO - Wrote batch of size 1000 to SQLite database
2024-11-20 13:10:04,183 - INFO - Wrote batch of size 1000 to SQLite database
2024-11-20 13:10:14,183 - INFO - Wrote batch of size 1000 to SQLite database
2024-11-20 13:10:24,182 - INFO - Wrote batch of size 1000 to SQLite database
2024-11-20 13:10:34,182 - INFO - Wrote batch of size 1000 to SQLite database
2024-11-20 13:10:44,182 - INFO - Wrote batch of size 1000 to SQLite database
2024-11-20 13:10:54,182 - INFO - Wrote batch of size 1000 to SQLite database
2024-11-20 13:11:04,184 - INFO - Wrote batch of size 1000 to SQLite database
2024-11-20 13:11:14,182 - INFO - Wrote batch of size 1000 to SQLite database
2024-11-20 13:11:24,183 - INFO - Wrote batch of size 1000 to SQLite database
2024-11-20 13:11:34,185 - INFO - Wrote batch of size 1000 to SQLite database
2024-11-20 13:11:44,182 - INFO - Wrote batch of size 1000 to SQLite database
2024-11-20 13:11:54,183 - INFO - Wrote batch of size 1000 to SQLite database
2024-11-20 13:12:04,183 - INFO - Wrote batch of size 1000 to SQLite database
2024-11-20 13:12:14,181 - INFO - Wrote batch of size 1000 to SQLite database
2024-11-20 13:12:24,181 - INFO - Wrote batch of size 1000 to SQLite database
2024-11-20 13:12:34,184 - INFO - Wrote batch of size 1000 to SQLite database
2024-11-20 13:12:44,182 - INFO - Wrote batch of size 1000 to SQLite database
2024-11-20 13:12:54,182 - INFO - Wrote batch of size 1000 to SQLite database
2024-11-20 13:13:04,182 - INFO - Wrote batch of size 1000 to SQLite database
2024-11-20 13:13:14,181 - INFO - Wrote batch of size 1000 to SQLite database
2024-11-20 13:13:24,316 - INFO - Wrote batch of size 1000 to SQLite database
2024-11-20 13:13:25,261 - INFO - Exported SQLite to CSV at D:\NewData\scan_2024_11_20_09_45_43.csv
2024-11-20 13:13:34,200 - INFO - Wrote batch of size 1000 to SQLite database
2024-11-20 13:13:44,182 - INFO - Wrote batch of size 1000 to SQLite database
2024-11-20 13:13:54,182 - INFO - Wrote batch of size 1000 to SQLite database
2024-11-20 13:14:04,185 - INFO - Wrote batch of size 1000 to SQLite database
2024-11-20 13:14:14,184 - INFO - Wrote batch of size 1000 to SQLite database
2024-11-20 13:14:24,184 - INFO - Wrote batch of size 1000 to SQLite database
2024-11-20 13:14:34,181 - INFO - Wrote batch of size 1000 to SQLite database
2024-11-20 13:14:44,200 - INFO - Wrote batch of size 1000 to SQLite database
2024-11-20 13:14:54,194 - INFO - Wrote batch of size 1000 to SQLite database
2024-11-20 13:15:04,183 - INFO - Wrote batch of size 1000 to SQLite database
2024-11-20 13:15:14,182 - INFO - Wrote batch of size 1000 to SQLite database
2024-11-20 13:15:24,182 - INFO - Wrote batch of size 1000 to SQLite database
2024-11-20 13:15:34,182 - INFO - Wrote batch of size 1000 to SQLite database
2024-11-20 13:15:44,182 - INFO - Wrote batch of size 1000 to SQLite database
2024-11-20 13:15:54,183 - INFO - Wrote batch of size 1000 to SQLite database
2024-11-20 13:16:04,183 - INFO - Wrote batch of size 1000 to SQLite database
2024-11-20 13:16:14,183 - INFO - Wrote batch of size 1000 to SQLite database
2024-11-20 13:16:24,182 - INFO - Wrote batch of size 1000 to SQLite database
2024-11-20 13:16:24,800 - INFO - Vacuumed SQLite database at D:\NewData\scan_2024_11_20_09_45_43.sqlite
2024-11-20 13:16:34,186 - INFO - Wrote batch of size 1000 to SQLite database
2024-11-20 13:16:44,182 - INFO - Wrote batch of size 1000 to SQLite database
2024-11-20 13:16:54,185 - INFO - Wrote batch of size 1000 to SQLite database
2024-11-20 13:17:04,183 - INFO - Wrote batch of size 1000 to SQLite database
2024-11-20 13:17:14,184 - INFO - Wrote batch of size 1000 to SQLite database
2024-11-20 13:17:24,183 - INFO - Wrote batch of size 1000 to SQLite database
2024-11-20 13:17:34,184 - INFO - Wrote batch of size 1000 to SQLite database
2024-11-20 13:17:44,184 - INFO - Wrote batch of size 1000 to SQLite database
2024-11-20 13:17:54,183 - INFO - Wrote batch of size 1000 to SQLite database
2024-11-20 13:18:04,183 - INFO - Wrote batch of size 1000 to SQLite database
2024-11-20 13:18:14,183 - INFO - Wrote batch of size 1000 to SQLite database
2024-11-20 13:18:24,184 - INFO - Wrote batch of size 1000 to SQLite database
2024-11-20 13:18:33,582 - INFO - Exported SQLite to CSV at D:\NewData\scan_2024_11_20_09_45_43.csv
2024-11-20 13:18:34,183 - INFO - Wrote batch of size 1000 to SQLite database
2024-11-20 13:18:44,201 - INFO - Wrote batch of size 1000 to SQLite database
2024-11-20 13:18:54,183 - INFO - Wrote batch of size 1000 to SQLite database
2024-11-20 13:19:04,185 - INFO - Wrote batch of size 1000 to SQLite database
2024-11-20 13:19:14,183 - INFO - Wrote batch of size 1000 to SQLite database
2024-11-20 13:19:24,182 - INFO - Wrote batch of size 1000 to SQLite database
2024-11-20 13:19:34,183 - INFO - Wrote batch of size 1000 to SQLite database
2024-11-20 13:19:44,183 - INFO - Wrote batch of size 1000 to SQLite database
2024-11-20 13:19:54,183 - INFO - Wrote batch of size 1000 to SQLite database
2024-11-20 13:20:04,183 - INFO - Wrote batch of size 1000 to SQLite database
2024-11-20 13:20:14,183 - INFO - Wrote batch of size 1000 to SQLite database
2024-11-20 13:20:24,183 - INFO - Wrote batch of size 1000 to SQLite database
2024-11-20 13:20:34,184 - INFO - Wrote batch of size 1000 to SQLite database
2024-11-20 13:20:44,184 - INFO - Wrote batch of size 1000 to SQLite database
2024-11-20 13:20:54,184 - INFO - Wrote batch of size 1000 to SQLite database
2024-11-20 13:21:04,184 - INFO - Wrote batch of size 1000 to SQLite database
2024-11-20 13:21:14,183 - INFO - Wrote batch of size 1000 to SQLite database
2024-11-20 13:21:24,184 - INFO - Wrote batch of size 1000 to SQLite database
2024-11-20 13:21:34,183 - INFO - Wrote batch of size 1000 to SQLite database
2024-11-20 13:21:44,184 - INFO - Wrote batch of size 1000 to SQLite database
2024-11-20 13:21:54,183 - INFO - Wrote batch of size 1000 to SQLite database
2024-11-20 13:22:04,182 - INFO - Wrote batch of size 1000 to SQLite database
2024-11-20 13:22:14,183 - INFO - Wrote batch of size 1000 to SQLite database
2024-11-20 13:22:24,184 - INFO - Wrote batch of size 1000 to SQLite database
2024-11-20 13:22:34,184 - INFO - Wrote batch of size 1000 to SQLite database
2024-11-20 13:22:44,183 - INFO - Wrote batch of size 1000 to SQLite database
2024-11-20 13:22:54,184 - INFO - Wrote batch of size 1000 to SQLite database
2024-11-20 13:23:04,184 - INFO - Wrote batch of size 1000 to SQLite database
2024-11-20 13:23:14,184 - INFO - Wrote batch of size 1000 to SQLite database
2024-11-20 13:23:24,184 - INFO - Wrote batch of size 1000 to SQLite database
2024-11-20 13:23:34,191 - INFO - Wrote batch of size 1000 to SQLite database
2024-11-20 13:23:41,697 - INFO - Exported SQLite to CSV at D:\NewData\scan_2024_11_20_09_45_43.csv
2024-11-20 13:23:44,185 - INFO - Wrote batch of size 1000 to SQLite database
2024-11-20 13:23:54,210 - INFO - Wrote batch of size 1000 to SQLite database
2024-11-20 13:24:04,187 - INFO - Wrote batch of size 1000 to SQLite database
2024-11-20 13:24:14,183 - INFO - Wrote batch of size 1000 to SQLite database
2024-11-20 13:24:24,184 - INFO - Wrote batch of size 1000 to SQLite database
2024-11-20 13:24:34,184 - INFO - Wrote batch of size 1000 to SQLite database
2024-11-20 13:24:44,184 - INFO - Wrote batch of size 1000 to SQLite database
2024-11-20 13:24:54,184 - INFO - Wrote batch of size 1000 to SQLite database
2024-11-20 13:25:04,183 - INFO - Wrote batch of size 1000 to SQLite database
2024-11-20 13:25:14,184 - INFO - Wrote batch of size 1000 to SQLite database
2024-11-20 13:25:24,184 - INFO - Wrote batch of size 1000 to SQLite database
2024-11-20 13:25:34,183 - INFO - Wrote batch of size 1000 to SQLite database
2024-11-20 13:25:44,173 - INFO - Wrote batch of size 1000 to SQLite database
2024-11-20 13:25:54,175 - INFO - Wrote batch of size 1000 to SQLite database
2024-11-20 13:26:04,174 - INFO - Wrote batch of size 1000 to SQLite database
2024-11-20 13:26:14,173 - INFO - Wrote batch of size 1000 to SQLite database
2024-11-20 13:26:24,174 - INFO - Wrote batch of size 1000 to SQLite database
2024-11-20 13:26:34,173 - INFO - Wrote batch of size 1000 to SQLite database
2024-11-20 13:26:44,174 - INFO - Wrote batch of size 1000 to SQLite database
2024-11-20 13:26:54,173 - INFO - Wrote batch of size 1000 to SQLite database
2024-11-20 13:27:04,173 - INFO - Wrote batch of size 1000 to SQLite database
2024-11-20 13:27:14,173 - INFO - Wrote batch of size 1000 to SQLite database
2024-11-20 13:27:24,174 - INFO - Wrote batch of size 1000 to SQLite database
2024-11-20 13:27:34,174 - INFO - Wrote batch of size 1000 to SQLite database
2024-11-20 13:27:44,173 - INFO - Wrote batch of size 1000 to SQLite database
2024-11-20 13:27:54,176 - INFO - Wrote batch of size 1000 to SQLite database
2024-11-20 13:28:04,175 - INFO - Wrote batch of size 1000 to SQLite database
2024-11-20 13:28:14,174 - INFO - Wrote batch of size 1000 to SQLite database
2024-11-20 13:28:24,173 - INFO - Wrote batch of size 1000 to SQLite database
2024-11-20 13:28:34,174 - INFO - Wrote batch of size 1000 to SQLite database
2024-11-20 13:28:44,180 - INFO - Wrote batch of size 1000 to SQLite database
2024-11-20 13:28:49,822 - INFO - Exported SQLite to CSV at D:\NewData\scan_2024_11_20_09_45_43.csv
2024-11-20 13:28:54,185 - INFO - Wrote batch of size 1000 to SQLite database
2024-11-20 13:29:04,181 - INFO - Wrote batch of size 1000 to SQLite database
2024-11-20 13:29:14,175 - INFO - Wrote batch of size 1000 to SQLite database
2024-11-20 13:29:24,173 - INFO - Wrote batch of size 1000 to SQLite database
2024-11-20 13:29:34,174 - INFO - Wrote batch of size 1000 to SQLite database
2024-11-20 13:29:44,174 - INFO - Wrote batch of size 1000 to SQLite database
2024-11-20 13:29:54,176 - INFO - Wrote batch of size 1000 to SQLite database
2024-11-20 13:30:04,175 - INFO - Wrote batch of size 1000 to SQLite database
2024-11-20 13:30:14,175 - INFO - Wrote batch of size 1000 to SQLite database
2024-11-20 13:30:24,176 - INFO - Wrote batch of size 1000 to SQLite database
2024-11-20 13:30:34,175 - INFO - Wrote batch of size 1000 to SQLite database
2024-11-20 13:30:44,175 - INFO - Wrote batch of size 1000 to SQLite database
2024-11-20 13:30:54,176 - INFO - Wrote batch of size 1000 to SQLite database
2024-11-20 13:31:04,175 - INFO - Wrote batch of size 1000 to SQLite database
2024-11-20 13:31:14,174 - INFO - Wrote batch of size 1000 to SQLite database
2024-11-20 13:31:24,192 - INFO - Wrote batch of size 1000 to SQLite database
2024-11-20 13:31:34,184 - INFO - Wrote batch of size 1000 to SQLite database
2024-11-20 13:31:44,175 - INFO - Wrote batch of size 1000 to SQLite database
2024-11-20 13:31:54,175 - INFO - Wrote batch of size 1000 to SQLite database
2024-11-20 13:32:04,175 - INFO - Wrote batch of size 1000 to SQLite database
2024-11-20 13:32:14,176 - INFO - Wrote batch of size 1000 to SQLite database
2024-11-20 13:32:24,175 - INFO - Wrote batch of size 1000 to SQLite database
2024-11-20 13:32:34,174 - INFO - Wrote batch of size 1000 to SQLite database
2024-11-20 13:32:44,176 - INFO - Wrote batch of size 1000 to SQLite database
2024-11-20 13:32:54,175 - INFO - Wrote batch of size 1000 to SQLite database
2024-11-20 13:33:04,177 - INFO - Wrote batch of size 1000 to SQLite database
2024-11-20 13:33:04,851 - INFO - Vacuumed SQLite database at D:\NewData\scan_2024_11_20_09_45_43.sqlite
2024-11-20 13:33:14,181 - INFO - Wrote batch of size 1000 to SQLite database
2024-11-20 13:33:24,175 - INFO - Wrote batch of size 1000 to SQLite database
2024-11-20 13:33:34,175 - INFO - Wrote batch of size 1000 to SQLite database
2024-11-20 13:33:44,175 - INFO - Wrote batch of size 1000 to SQLite database
2024-11-20 13:33:54,303 - INFO - Wrote batch of size 1000 to SQLite database
2024-11-20 13:33:58,249 - INFO - Exported SQLite to CSV at D:\NewData\scan_2024_11_20_09_45_43.csv
2024-11-20 13:34:04,197 - INFO - Wrote batch of size 1000 to SQLite database
2024-11-20 13:34:14,175 - INFO - Wrote batch of size 1000 to SQLite database
2024-11-20 13:34:24,175 - INFO - Wrote batch of size 1000 to SQLite database
2024-11-20 13:34:34,174 - INFO - Wrote batch of size 1000 to SQLite database
2024-11-20 13:34:44,175 - INFO - Wrote batch of size 1000 to SQLite database
2024-11-20 13:34:54,175 - INFO - Wrote batch of size 1000 to SQLite database
2024-11-20 13:35:04,175 - INFO - Wrote batch of size 1000 to SQLite database
2024-11-20 13:35:14,175 - INFO - Wrote batch of size 1000 to SQLite database
2024-11-20 13:35:24,175 - INFO - Wrote batch of size 1000 to SQLite database
2024-11-20 13:35:34,175 - INFO - Wrote batch of size 1000 to SQLite database
2024-11-20 13:35:44,174 - INFO - Wrote batch of size 1000 to SQLite database
2024-11-20 13:35:54,174 - INFO - Wrote batch of size 1000 to SQLite database
2024-11-20 13:36:04,176 - INFO - Wrote batch of size 1000 to SQLite database
2024-11-20 13:36:14,175 - INFO - Wrote batch of size 1000 to SQLite database
2024-11-20 13:36:24,175 - INFO - Wrote batch of size 1000 to SQLite database
2024-11-20 13:36:34,175 - INFO - Wrote batch of size 1000 to SQLite database
2024-11-20 13:36:44,175 - INFO - Wrote batch of size 1000 to SQLite database
2024-11-20 13:36:54,175 - INFO - Wrote batch of size 1000 to SQLite database
2024-11-20 13:37:04,175 - INFO - Wrote batch of size 1000 to SQLite database
2024-11-20 13:37:14,175 - INFO - Wrote batch of size 1000 to SQLite database
2024-11-20 13:37:24,175 - INFO - Wrote batch of size 1000 to SQLite database
2024-11-20 13:37:34,175 - INFO - Wrote batch of size 1000 to SQLite database
2024-11-20 13:37:44,176 - INFO - Wrote batch of size 1000 to SQLite database
2024-11-20 13:37:54,175 - INFO - Wrote batch of size 1000 to SQLite database
2024-11-20 13:38:04,175 - INFO - Wrote batch of size 1000 to SQLite database
2024-11-20 13:38:14,175 - INFO - Wrote batch of size 1000 to SQLite database
2024-11-20 13:38:24,175 - INFO - Wrote batch of size 1000 to SQLite database
2024-11-20 13:38:34,175 - INFO - Wrote batch of size 1000 to SQLite database
2024-11-20 13:38:44,175 - INFO - Wrote batch of size 1000 to SQLite database
2024-11-20 13:38:54,175 - INFO - Wrote batch of size 1000 to SQLite database
2024-11-20 13:39:04,311 - INFO - Wrote batch of size 1000 to SQLite database
2024-11-20 13:39:06,873 - INFO - Exported SQLite to CSV at D:\NewData\scan_2024_11_20_09_45_43.csv
2024-11-20 13:39:14,208 - INFO - Wrote batch of size 1001 to SQLite database
2024-11-20 13:39:24,156 - INFO - Wrote batch of size 1000 to SQLite database
2024-11-20 13:39:34,156 - INFO - Wrote batch of size 1000 to SQLite database
2024-11-20 13:39:44,156 - INFO - Wrote batch of size 1000 to SQLite database
2024-11-20 13:39:54,156 - INFO - Wrote batch of size 1000 to SQLite database
2024-11-20 13:40:04,155 - INFO - Wrote batch of size 1000 to SQLite database
2024-11-20 13:40:14,156 - INFO - Wrote batch of size 1000 to SQLite database
2024-11-20 13:40:24,155 - INFO - Wrote batch of size 1000 to SQLite database
2024-11-20 13:40:34,172 - INFO - Wrote batch of size 1000 to SQLite database
2024-11-20 13:40:44,165 - INFO - Wrote batch of size 1000 to SQLite database
2024-11-20 13:40:54,155 - INFO - Wrote batch of size 1000 to SQLite database
2024-11-20 13:41:04,156 - INFO - Wrote batch of size 1000 to SQLite database
2024-11-20 13:41:14,155 - INFO - Wrote batch of size 1000 to SQLite database
2024-11-20 13:41:24,155 - INFO - Wrote batch of size 1000 to SQLite database
2024-11-20 13:41:34,156 - INFO - Wrote batch of size 1000 to SQLite database
2024-11-20 13:41:44,155 - INFO - Wrote batch of size 1000 to SQLite database
2024-11-20 13:41:54,156 - INFO - Wrote batch of size 1000 to SQLite database
2024-11-20 13:42:04,155 - INFO - Wrote batch of size 1000 to SQLite database
2024-11-20 13:42:14,155 - INFO - Wrote batch of size 1000 to SQLite database
2024-11-20 13:42:24,156 - INFO - Wrote batch of size 1000 to SQLite database
2024-11-20 13:42:34,158 - INFO - Wrote batch of size 1000 to SQLite database
2024-11-20 13:42:44,156 - INFO - Wrote batch of size 1000 to SQLite database
2024-11-20 13:42:54,155 - INFO - Wrote batch of size 1000 to SQLite database
2024-11-20 13:43:04,156 - INFO - Wrote batch of size 1000 to SQLite database
2024-11-20 13:43:14,156 - INFO - Wrote batch of size 1000 to SQLite database
2024-11-20 13:43:24,156 - INFO - Wrote batch of size 1000 to SQLite database
2024-11-20 13:43:34,157 - INFO - Wrote batch of size 1000 to SQLite database
2024-11-20 13:43:44,156 - INFO - Wrote batch of size 1000 to SQLite database
2024-11-20 13:43:54,156 - INFO - Wrote batch of size 1000 to SQLite database
2024-11-20 13:44:04,157 - INFO - Wrote batch of size 1000 to SQLite database
2024-11-20 13:44:14,280 - INFO - Wrote batch of size 1000 to SQLite database
2024-11-20 13:44:15,519 - INFO - Exported SQLite to CSV at D:\NewData\scan_2024_11_20_09_45_43.csv
2024-11-20 13:44:24,174 - INFO - Wrote batch of size 1000 to SQLite database
2024-11-20 13:44:34,156 - INFO - Wrote batch of size 1000 to SQLite database
2024-11-20 13:44:44,156 - INFO - Wrote batch of size 1000 to SQLite database
2024-11-20 13:44:54,157 - INFO - Wrote batch of size 1000 to SQLite database
2024-11-20 13:45:04,156 - INFO - Wrote batch of size 1000 to SQLite database
2024-11-20 13:45:14,156 - INFO - Wrote batch of size 1000 to SQLite database
2024-11-20 13:45:24,156 - INFO - Wrote batch of size 1000 to SQLite database
2024-11-20 13:45:34,157 - INFO - Wrote batch of size 1000 to SQLite database
2024-11-20 13:45:44,159 - INFO - Wrote batch of size 1000 to SQLite database
2024-11-20 13:45:54,160 - INFO - Wrote batch of size 1000 to SQLite database
2024-11-20 13:46:04,156 - INFO - Wrote batch of size 1000 to SQLite database
2024-11-20 13:46:14,155 - INFO - Wrote batch of size 1000 to SQLite database
2024-11-20 13:46:24,157 - INFO - Wrote batch of size 1000 to SQLite database
2024-11-20 13:46:34,156 - INFO - Wrote batch of size 1000 to SQLite database
2024-11-20 13:46:44,156 - INFO - Wrote batch of size 1000 to SQLite database
2024-11-20 13:46:54,156 - INFO - Wrote batch of size 1000 to SQLite database
2024-11-20 13:47:04,157 - INFO - Wrote batch of size 1000 to SQLite database
2024-11-20 13:47:14,157 - INFO - Wrote batch of size 1000 to SQLite database
2024-11-20 13:47:24,156 - INFO - Wrote batch of size 1000 to SQLite database
2024-11-20 13:47:34,156 - INFO - Wrote batch of size 1000 to SQLite database
2024-11-20 13:47:44,146 - INFO - Wrote batch of size 1000 to SQLite database
2024-11-20 13:47:54,146 - INFO - Wrote batch of size 1000 to SQLite database
2024-11-20 13:48:04,163 - INFO - Wrote batch of size 1000 to SQLite database
2024-11-20 13:48:14,157 - INFO - Wrote batch of size 1000 to SQLite database
2024-11-20 13:48:24,149 - INFO - Wrote batch of size 1000 to SQLite database
2024-11-20 13:48:34,146 - INFO - Wrote batch of size 1000 to SQLite database
2024-11-20 13:48:44,147 - INFO - Wrote batch of size 1000 to SQLite database
2024-11-20 13:48:54,147 - INFO - Wrote batch of size 1000 to SQLite database
2024-11-20 13:49:04,147 - INFO - Wrote batch of size 1000 to SQLite database
2024-11-20 13:49:14,147 - INFO - Wrote batch of size 1000 to SQLite database
2024-11-20 13:49:24,235 - INFO - Wrote batch of size 1000 to SQLite database
2024-11-20 13:49:24,387 - INFO - Exported SQLite to CSV at D:\NewData\scan_2024_11_20_09_45_43.csv
2024-11-20 13:49:34,170 - INFO - Wrote batch of size 1000 to SQLite database
2024-11-20 13:49:44,148 - INFO - Wrote batch of size 1000 to SQLite database
2024-11-20 13:49:44,904 - INFO - Vacuumed SQLite database at D:\NewData\scan_2024_11_20_09_45_43.sqlite
2024-11-20 13:49:54,151 - INFO - Wrote batch of size 1000 to SQLite database
2024-11-20 13:50:04,147 - INFO - Wrote batch of size 1000 to SQLite database
2024-11-20 13:50:14,148 - INFO - Wrote batch of size 1000 to SQLite database
2024-11-20 13:50:24,148 - INFO - Wrote batch of size 1000 to SQLite database
2024-11-20 13:50:34,148 - INFO - Wrote batch of size 1000 to SQLite database
2024-11-20 13:50:44,148 - INFO - Wrote batch of size 1000 to SQLite database
2024-11-20 13:50:54,148 - INFO - Wrote batch of size 1000 to SQLite database
2024-11-20 13:51:04,147 - INFO - Wrote batch of size 1000 to SQLite database
2024-11-20 13:51:14,147 - INFO - Wrote batch of size 1000 to SQLite database
2024-11-20 13:51:24,144 - INFO - Wrote batch of size 1000 to SQLite database
2024-11-20 13:51:34,147 - INFO - Wrote batch of size 1000 to SQLite database
2024-11-20 13:51:44,148 - INFO - Wrote batch of size 1000 to SQLite database
2024-11-20 13:51:54,148 - INFO - Wrote batch of size 1000 to SQLite database
2024-11-20 13:52:04,148 - INFO - Wrote batch of size 1000 to SQLite database
2024-11-20 13:52:14,147 - INFO - Wrote batch of size 1000 to SQLite database
2024-11-20 13:52:24,147 - INFO - Wrote batch of size 1000 to SQLite database
2024-11-20 13:52:34,148 - INFO - Wrote batch of size 1000 to SQLite database
2024-11-20 13:52:44,148 - INFO - Wrote batch of size 1000 to SQLite database
2024-11-20 13:52:54,147 - INFO - Wrote batch of size 1000 to SQLite database
2024-11-20 13:53:04,148 - INFO - Wrote batch of size 1000 to SQLite database
2024-11-20 13:53:14,147 - INFO - Wrote batch of size 1000 to SQLite database
2024-11-20 13:53:24,148 - INFO - Wrote batch of size 1000 to SQLite database
2024-11-20 13:53:34,146 - INFO - Wrote batch of size 1000 to SQLite database
2024-11-20 13:53:44,151 - INFO - Wrote batch of size 1000 to SQLite database
2024-11-20 13:53:54,149 - INFO - Wrote batch of size 1000 to SQLite database
2024-11-20 13:54:04,147 - INFO - Wrote batch of size 1000 to SQLite database
2024-11-20 13:54:14,149 - INFO - Wrote batch of size 1000 to SQLite database
2024-11-20 13:54:24,145 - INFO - Wrote batch of size 1000 to SQLite database
2024-11-20 13:54:33,476 - INFO - Exported SQLite to CSV at D:\NewData\scan_2024_11_20_09_45_43.csv
2024-11-20 13:54:34,148 - INFO - Wrote batch of size 1000 to SQLite database
2024-11-20 13:54:44,170 - INFO - Wrote batch of size 1000 to SQLite database
2024-11-20 13:54:54,148 - INFO - Wrote batch of size 1000 to SQLite database
2024-11-20 13:55:04,147 - INFO - Wrote batch of size 1000 to SQLite database
2024-11-20 13:55:14,148 - INFO - Wrote batch of size 1000 to SQLite database
2024-11-20 13:55:24,147 - INFO - Wrote batch of size 1000 to SQLite database
2024-11-20 13:55:34,147 - INFO - Wrote batch of size 1000 to SQLite database
2024-11-20 13:55:44,149 - INFO - Wrote batch of size 1000 to SQLite database
2024-11-20 13:55:54,149 - INFO - Wrote batch of size 1000 to SQLite database
2024-11-20 13:56:04,150 - INFO - Wrote batch of size 1000 to SQLite database
2024-11-20 13:56:14,148 - INFO - Wrote batch of size 1000 to SQLite database
2024-11-20 13:56:24,149 - INFO - Wrote batch of size 1000 to SQLite database
2024-11-20 13:56:34,148 - INFO - Wrote batch of size 1000 to SQLite database
2024-11-20 13:56:44,147 - INFO - Wrote batch of size 1000 to SQLite database
2024-11-20 13:56:54,147 - INFO - Wrote batch of size 1000 to SQLite database
2024-11-20 13:57:04,147 - INFO - Wrote batch of size 1000 to SQLite database
2024-11-20 13:57:14,167 - INFO - Wrote batch of size 1000 to SQLite database
2024-11-20 13:57:24,158 - INFO - Wrote batch of size 1000 to SQLite database
2024-11-20 13:57:34,147 - INFO - Wrote batch of size 1000 to SQLite database
2024-11-20 13:57:44,147 - INFO - Wrote batch of size 1000 to SQLite database
2024-11-20 13:57:54,151 - INFO - Wrote batch of size 1000 to SQLite database
2024-11-20 13:58:04,147 - INFO - Wrote batch of size 1000 to SQLite database
2024-11-20 13:58:14,148 - INFO - Wrote batch of size 1000 to SQLite database
2024-11-20 13:58:24,148 - INFO - Wrote batch of size 1000 to SQLite database
2024-11-20 13:58:34,149 - INFO - Wrote batch of size 1000 to SQLite database
2024-11-20 13:58:44,148 - INFO - Wrote batch of size 1000 to SQLite database
2024-11-20 13:58:54,148 - INFO - Wrote batch of size 1000 to SQLite database
2024-11-20 13:59:04,148 - INFO - Wrote batch of size 1000 to SQLite database
2024-11-20 13:59:14,149 - INFO - Wrote batch of size 1000 to SQLite database
2024-11-20 13:59:24,148 - INFO - Wrote batch of size 1000 to SQLite database
2024-11-20 13:59:34,155 - INFO - Wrote batch of size 1000 to SQLite database
2024-11-20 13:59:42,837 - INFO - Exported SQLite to CSV at D:\NewData\scan_2024_11_20_09_45_43.csv
2024-11-20 13:59:44,148 - INFO - Wrote batch of size 1000 to SQLite database
2024-11-20 13:59:54,168 - INFO - Wrote batch of size 1000 to SQLite database
2024-11-20 14:00:04,147 - INFO - Wrote batch of size 1000 to SQLite database
2024-11-20 14:00:14,147 - INFO - Wrote batch of size 1000 to SQLite database
2024-11-20 14:00:24,147 - INFO - Wrote batch of size 1000 to SQLite database
2024-11-20 14:00:34,148 - INFO - Wrote batch of size 1000 to SQLite database
2024-11-20 14:00:44,149 - INFO - Wrote batch of size 1000 to SQLite database
2024-11-20 14:00:54,153 - INFO - Wrote batch of size 1000 to SQLite database
2024-11-20 14:01:04,148 - INFO - Wrote batch of size 1000 to SQLite database
2024-11-20 14:01:14,148 - INFO - Wrote batch of size 1000 to SQLite database
2024-11-20 14:01:24,148 - INFO - Wrote batch of size 1000 to SQLite database
2024-11-20 14:01:34,147 - INFO - Wrote batch of size 1000 to SQLite database
2024-11-20 14:01:44,148 - INFO - Wrote batch of size 1000 to SQLite database
2024-11-20 14:01:54,148 - INFO - Wrote batch of size 1000 to SQLite database
2024-11-20 14:02:04,153 - INFO - Wrote batch of size 1000 to SQLite database
2024-11-20 14:02:14,148 - INFO - Wrote batch of size 1000 to SQLite database
2024-11-20 14:02:24,148 - INFO - Wrote batch of size 1000 to SQLite database
2024-11-20 14:02:34,148 - INFO - Wrote batch of size 1000 to SQLite database
2024-11-20 14:02:44,148 - INFO - Wrote batch of size 1000 to SQLite database
2024-11-20 14:02:54,150 - INFO - Wrote batch of size 1000 to SQLite database
2024-11-20 14:03:04,148 - INFO - Wrote batch of size 1000 to SQLite database
2024-11-20 14:03:14,148 - INFO - Wrote batch of size 1000 to SQLite database
2024-11-20 14:03:24,148 - INFO - Wrote batch of size 1000 to SQLite database
2024-11-20 14:03:34,148 - INFO - Wrote batch of size 1000 to SQLite database
2024-11-20 14:03:44,149 - INFO - Wrote batch of size 1000 to SQLite database
2024-11-20 14:03:54,151 - INFO - Wrote batch of size 1000 to SQLite database
2024-11-20 14:04:04,148 - INFO - Wrote batch of size 1000 to SQLite database
2024-11-20 14:04:14,149 - INFO - Wrote batch of size 1000 to SQLite database
2024-11-20 14:04:24,148 - INFO - Wrote batch of size 1000 to SQLite database
2024-11-20 14:04:34,149 - INFO - Wrote batch of size 1000 to SQLite database
2024-11-20 14:04:44,171 - INFO - Wrote batch of size 1000 to SQLite database
2024-11-20 14:04:52,363 - INFO - Exported SQLite to CSV at D:\NewData\scan_2024_11_20_09_45_43.csv
2024-11-20 14:04:54,155 - INFO - Wrote batch of size 1000 to SQLite database
2024-11-20 14:05:04,176 - INFO - Wrote batch of size 1000 to SQLite database
2024-11-20 14:05:14,150 - INFO - Wrote batch of size 1000 to SQLite database
2024-11-20 14:05:24,151 - INFO - Wrote batch of size 1000 to SQLite database
2024-11-20 14:05:34,149 - INFO - Wrote batch of size 1000 to SQLite database
2024-11-20 14:05:44,148 - INFO - Wrote batch of size 1000 to SQLite database
2024-11-20 14:05:54,151 - INFO - Wrote batch of size 1000 to SQLite database
2024-11-20 14:06:04,146 - INFO - Wrote batch of size 1000 to SQLite database
2024-11-20 14:06:14,150 - INFO - Wrote batch of size 1000 to SQLite database
2024-11-20 14:06:24,149 - INFO - Wrote batch of size 1000 to SQLite database
2024-11-20 14:06:24,980 - INFO - Vacuumed SQLite database at D:\NewData\scan_2024_11_20_09_45_43.sqlite
2024-11-20 14:06:34,152 - INFO - Wrote batch of size 1000 to SQLite database
2024-11-20 14:06:44,152 - INFO - Wrote batch of size 1000 to SQLite database
2024-11-20 14:06:54,150 - INFO - Wrote batch of size 1000 to SQLite database
2024-11-20 14:07:04,151 - INFO - Wrote batch of size 1000 to SQLite database
2024-11-20 14:07:14,149 - INFO - Wrote batch of size 1000 to SQLite database
2024-11-20 14:07:24,149 - INFO - Wrote batch of size 1000 to SQLite database
2024-11-20 14:07:34,147 - INFO - Wrote batch of size 1000 to SQLite database
2024-11-20 14:07:44,150 - INFO - Wrote batch of size 1000 to SQLite database
2024-11-20 14:07:54,150 - INFO - Wrote batch of size 1000 to SQLite database
2024-11-20 14:08:04,149 - INFO - Wrote batch of size 1000 to SQLite database
2024-11-20 14:08:14,150 - INFO - Wrote batch of size 1000 to SQLite database
2024-11-20 14:08:24,146 - INFO - Wrote batch of size 1000 to SQLite database
2024-11-20 14:08:34,146 - INFO - Wrote batch of size 1000 to SQLite database
2024-11-20 14:08:44,150 - INFO - Wrote batch of size 1000 to SQLite database
2024-11-20 14:08:54,149 - INFO - Wrote batch of size 1000 to SQLite database
2024-11-20 14:09:04,149 - INFO - Wrote batch of size 1000 to SQLite database
2024-11-20 14:09:14,148 - INFO - Wrote batch of size 1000 to SQLite database
2024-11-20 14:09:24,149 - INFO - Wrote batch of size 1000 to SQLite database
2024-11-20 14:09:34,149 - INFO - Wrote batch of size 1000 to SQLite database
2024-11-20 14:09:44,149 - INFO - Wrote batch of size 1000 to SQLite database
2024-11-20 14:09:54,159 - INFO - Wrote batch of size 1000 to SQLite database
2024-11-20 14:10:02,019 - INFO - Exported SQLite to CSV at D:\NewData\scan_2024_11_20_09_45_43.csv
2024-11-20 14:10:04,153 - INFO - Wrote batch of size 1000 to SQLite database
2024-11-20 14:10:14,168 - INFO - Wrote batch of size 1000 to SQLite database
2024-11-20 14:10:24,150 - INFO - Wrote batch of size 1000 to SQLite database
2024-11-20 14:10:34,149 - INFO - Wrote batch of size 1000 to SQLite database
2024-11-20 14:10:44,149 - INFO - Wrote batch of size 1000 to SQLite database
2024-11-20 14:10:54,150 - INFO - Wrote batch of size 1000 to SQLite database
2024-11-20 14:11:04,149 - INFO - Wrote batch of size 1000 to SQLite database
2024-11-20 14:11:14,149 - INFO - Wrote batch of size 1000 to SQLite database
2024-11-20 14:11:24,149 - INFO - Wrote batch of size 1000 to SQLite database
2024-11-20 14:11:34,149 - INFO - Wrote batch of size 1000 to SQLite database
2024-11-20 14:11:44,149 - INFO - Wrote batch of size 1000 to SQLite database
2024-11-20 14:11:54,149 - INFO - Wrote batch of size 1000 to SQLite database
2024-11-20 14:12:04,149 - INFO - Wrote batch of size 1000 to SQLite database
2024-11-20 14:12:14,149 - INFO - Wrote batch of size 1000 to SQLite database
2024-11-20 14:12:24,151 - INFO - Wrote batch of size 1000 to SQLite database
2024-11-20 14:12:34,149 - INFO - Wrote batch of size 1000 to SQLite database
2024-11-20 14:12:44,150 - INFO - Wrote batch of size 1000 to SQLite database
2024-11-20 14:12:54,149 - INFO - Wrote batch of size 1000 to SQLite database
2024-11-20 14:13:04,149 - INFO - Wrote batch of size 1000 to SQLite database
2024-11-20 14:13:14,150 - INFO - Wrote batch of size 1000 to SQLite database
2024-11-20 14:13:24,149 - INFO - Wrote batch of size 1000 to SQLite database
2024-11-20 14:13:34,149 - INFO - Wrote batch of size 1000 to SQLite database
2024-11-20 14:13:44,150 - INFO - Wrote batch of size 1000 to SQLite database
2024-11-20 14:13:54,167 - INFO - Wrote batch of size 1000 to SQLite database
2024-11-20 14:14:04,162 - INFO - Wrote batch of size 1000 to SQLite database
2024-11-20 14:14:14,150 - INFO - Wrote batch of size 1000 to SQLite database
2024-11-20 14:14:24,150 - INFO - Wrote batch of size 1000 to SQLite database
2024-11-20 14:14:34,149 - INFO - Wrote batch of size 1000 to SQLite database
2024-11-20 14:14:44,155 - INFO - Wrote batch of size 1000 to SQLite database
2024-11-20 14:14:54,150 - INFO - Wrote batch of size 1000 to SQLite database
2024-11-20 14:15:04,160 - INFO - Wrote batch of size 1000 to SQLite database
2024-11-20 14:15:12,107 - INFO - Exported SQLite to CSV at D:\NewData\scan_2024_11_20_09_45_43.csv
2024-11-20 14:15:14,158 - INFO - Wrote batch of size 1000 to SQLite database
2024-11-20 14:15:24,168 - INFO - Wrote batch of size 1000 to SQLite database
2024-11-20 14:15:34,151 - INFO - Wrote batch of size 1000 to SQLite database
2024-11-20 14:15:44,153 - INFO - Wrote batch of size 1000 to SQLite database
2024-11-20 14:15:54,151 - INFO - Wrote batch of size 1000 to SQLite database
2024-11-20 14:16:04,150 - INFO - Wrote batch of size 1000 to SQLite database
2024-11-20 14:16:14,150 - INFO - Wrote batch of size 1000 to SQLite database
2024-11-20 14:16:24,151 - INFO - Wrote batch of size 1000 to SQLite database
2024-11-20 14:16:34,150 - INFO - Wrote batch of size 1000 to SQLite database
2024-11-20 14:16:44,151 - INFO - Wrote batch of size 1000 to SQLite database
2024-11-20 14:16:54,151 - INFO - Wrote batch of size 1000 to SQLite database
2024-11-20 14:17:04,151 - INFO - Wrote batch of size 1000 to SQLite database
2024-11-20 14:17:14,151 - INFO - Wrote batch of size 1000 to SQLite database
2024-11-20 14:17:24,151 - INFO - Wrote batch of size 1000 to SQLite database
2024-11-20 14:17:34,151 - INFO - Wrote batch of size 1000 to SQLite database
2024-11-20 14:17:44,150 - INFO - Wrote batch of size 1000 to SQLite database
2024-11-20 14:17:54,152 - INFO - Wrote batch of size 1000 to SQLite database
2024-11-20 14:18:04,150 - INFO - Wrote batch of size 1000 to SQLite database
2024-11-20 14:18:14,152 - INFO - Wrote batch of size 1000 to SQLite database
2024-11-20 14:18:24,151 - INFO - Wrote batch of size 1000 to SQLite database
2024-11-20 14:18:34,156 - INFO - Wrote batch of size 1000 to SQLite database
2024-11-20 14:18:44,151 - INFO - Wrote batch of size 1000 to SQLite database
2024-11-20 14:18:54,152 - INFO - Wrote batch of size 1000 to SQLite database
2024-11-20 14:19:04,151 - INFO - Wrote batch of size 1000 to SQLite database
2024-11-20 14:19:14,151 - INFO - Wrote batch of size 1000 to SQLite database
2024-11-20 14:19:24,151 - INFO - Wrote batch of size 1000 to SQLite database
2024-11-20 14:19:34,152 - INFO - Wrote batch of size 1000 to SQLite database
2024-11-20 14:19:44,152 - INFO - Wrote batch of size 1000 to SQLite database
2024-11-20 14:19:54,153 - INFO - Wrote batch of size 1000 to SQLite database
2024-11-20 14:20:04,150 - INFO - Wrote batch of size 1000 to SQLite database
2024-11-20 14:20:14,157 - INFO - Wrote batch of size 1000 to SQLite database
2024-11-20 14:20:22,342 - INFO - Exported SQLite to CSV at D:\NewData\scan_2024_11_20_09_45_43.csv
2024-11-20 14:20:24,156 - INFO - Wrote batch of size 1000 to SQLite database
2024-11-20 14:20:34,171 - INFO - Wrote batch of size 1000 to SQLite database
2024-11-20 14:20:44,150 - INFO - Wrote batch of size 1000 to SQLite database
2024-11-20 14:20:54,153 - INFO - Wrote batch of size 1000 to SQLite database
2024-11-20 14:21:04,152 - INFO - Wrote batch of size 1000 to SQLite database
2024-11-20 14:21:14,150 - INFO - Wrote batch of size 1000 to SQLite database
2024-11-20 14:21:24,169 - INFO - Wrote batch of size 1000 to SQLite database
2024-11-20 14:21:34,161 - INFO - Wrote batch of size 1000 to SQLite database
2024-11-20 14:21:44,150 - INFO - Wrote batch of size 1000 to SQLite database
2024-11-20 14:21:54,151 - INFO - Wrote batch of size 1000 to SQLite database
2024-11-20 14:22:04,152 - INFO - Wrote batch of size 1000 to SQLite database
2024-11-20 14:22:14,150 - INFO - Wrote batch of size 1000 to SQLite database
2024-11-20 14:22:24,152 - INFO - Wrote batch of size 1000 to SQLite database
2024-11-20 14:22:34,152 - INFO - Wrote batch of size 1000 to SQLite database
2024-11-20 14:22:44,151 - INFO - Wrote batch of size 1000 to SQLite database
2024-11-20 14:22:54,150 - INFO - Wrote batch of size 1000 to SQLite database
2024-11-20 14:23:04,151 - INFO - Wrote batch of size 1000 to SQLite database
2024-11-20 14:23:04,989 - INFO - Vacuumed SQLite database at D:\NewData\scan_2024_11_20_09_45_43.sqlite
2024-11-20 14:23:14,154 - INFO - Wrote batch of size 1000 to SQLite database
2024-11-20 14:23:24,151 - INFO - Wrote batch of size 1000 to SQLite database
2024-11-20 14:23:34,150 - INFO - Wrote batch of size 1000 to SQLite database
2024-11-20 14:23:44,151 - INFO - Wrote batch of size 1000 to SQLite database
2024-11-20 14:23:54,151 - INFO - Wrote batch of size 1000 to SQLite database
2024-11-20 14:24:04,151 - INFO - Wrote batch of size 1000 to SQLite database
2024-11-20 14:24:14,150 - INFO - Wrote batch of size 1000 to SQLite database
2024-11-20 14:24:24,151 - INFO - Wrote batch of size 1000 to SQLite database
2024-11-20 14:24:34,151 - INFO - Wrote batch of size 1000 to SQLite database
2024-11-20 14:24:44,152 - INFO - Wrote batch of size 1000 to SQLite database
2024-11-20 14:24:54,151 - INFO - Wrote batch of size 1000 to SQLite database
2024-11-20 14:25:04,153 - INFO - Wrote batch of size 1000 to SQLite database
2024-11-20 14:25:14,151 - INFO - Wrote batch of size 1000 to SQLite database
2024-11-20 14:25:24,156 - INFO - Wrote batch of size 1000 to SQLite database
2024-11-20 14:25:32,610 - INFO - Exported SQLite to CSV at D:\NewData\scan_2024_11_20_09_45_43.csv
2024-11-20 14:25:34,152 - INFO - Wrote batch of size 1000 to SQLite database
2024-11-20 14:25:44,172 - INFO - Wrote batch of size 1000 to SQLite database
2024-11-20 14:25:54,153 - INFO - Wrote batch of size 1000 to SQLite database
2024-11-20 14:26:04,152 - INFO - Wrote batch of size 1000 to SQLite database
2024-11-20 14:26:14,152 - INFO - Wrote batch of size 1000 to SQLite database
2024-11-20 14:26:24,148 - INFO - Wrote batch of size 1000 to SQLite database
2024-11-20 14:26:34,153 - INFO - Wrote batch of size 1000 to SQLite database
2024-11-20 14:26:44,148 - INFO - Wrote batch of size 1000 to SQLite database
2024-11-20 14:26:54,153 - INFO - Wrote batch of size 1000 to SQLite database
2024-11-20 14:27:04,151 - INFO - Wrote batch of size 1000 to SQLite database
2024-11-20 14:27:14,153 - INFO - Wrote batch of size 1000 to SQLite database
2024-11-20 14:27:24,152 - INFO - Wrote batch of size 1000 to SQLite database
2024-11-20 14:27:34,152 - INFO - Wrote batch of size 1000 to SQLite database
2024-11-20 14:27:44,152 - INFO - Wrote batch of size 1000 to SQLite database
2024-11-20 14:27:54,149 - INFO - Wrote batch of size 1000 to SQLite database
2024-11-20 14:28:04,151 - INFO - Wrote batch of size 1000 to SQLite database
2024-11-20 14:28:14,151 - INFO - Wrote batch of size 1000 to SQLite database
2024-11-20 14:28:24,152 - INFO - Wrote batch of size 1000 to SQLite database
2024-11-20 14:28:34,151 - INFO - Wrote batch of size 1000 to SQLite database
2024-11-20 14:28:44,151 - INFO - Wrote batch of size 1000 to SQLite database
2024-11-20 14:28:54,151 - INFO - Wrote batch of size 1000 to SQLite database
2024-11-20 14:29:04,151 - INFO - Wrote batch of size 1000 to SQLite database
2024-11-20 14:29:14,151 - INFO - Wrote batch of size 1000 to SQLite database
2024-11-20 14:29:24,151 - INFO - Wrote batch of size 1000 to SQLite database
2024-11-20 14:29:34,151 - INFO - Wrote batch of size 1000 to SQLite database
2024-11-20 14:29:44,152 - INFO - Wrote batch of size 1000 to SQLite database
2024-11-20 14:29:54,151 - INFO - Wrote batch of size 1000 to SQLite database
2024-11-20 14:30:04,152 - INFO - Wrote batch of size 1000 to SQLite database
2024-11-20 14:30:14,151 - INFO - Wrote batch of size 1000 to SQLite database
2024-11-20 14:30:24,151 - INFO - Wrote batch of size 1000 to SQLite database
2024-11-20 14:30:34,171 - INFO - Wrote batch of size 1000 to SQLite database
2024-11-20 14:30:43,137 - INFO - Exported SQLite to CSV at D:\NewData\scan_2024_11_20_09_45_43.csv
2024-11-20 14:30:44,160 - INFO - Wrote batch of size 1000 to SQLite database
2024-11-20 14:30:54,175 - INFO - Wrote batch of size 1000 to SQLite database
2024-11-20 14:31:04,151 - INFO - Wrote batch of size 1000 to SQLite database
2024-11-20 14:31:14,152 - INFO - Wrote batch of size 1000 to SQLite database
2024-11-20 14:31:24,152 - INFO - Wrote batch of size 1000 to SQLite database
2024-11-20 14:31:34,154 - INFO - Wrote batch of size 1000 to SQLite database
2024-11-20 14:31:44,151 - INFO - Wrote batch of size 1000 to SQLite database
2024-11-20 14:31:54,152 - INFO - Wrote batch of size 1000 to SQLite database
2024-11-20 14:32:04,152 - INFO - Wrote batch of size 1000 to SQLite database
2024-11-20 14:32:14,153 - INFO - Wrote batch of size 1000 to SQLite database
2024-11-20 14:32:24,152 - INFO - Wrote batch of size 1000 to SQLite database
2024-11-20 14:32:34,152 - INFO - Wrote batch of size 1000 to SQLite database
2024-11-20 14:32:44,152 - INFO - Wrote batch of size 1000 to SQLite database
2024-11-20 14:32:54,151 - INFO - Wrote batch of size 1000 to SQLite database
2024-11-20 14:33:04,152 - INFO - Wrote batch of size 1000 to SQLite database
2024-11-20 14:33:14,152 - INFO - Wrote batch of size 1000 to SQLite database
2024-11-20 14:33:24,151 - INFO - Wrote batch of size 1000 to SQLite database
2024-11-20 14:33:34,151 - INFO - Wrote batch of size 1000 to SQLite database
2024-11-20 14:33:44,152 - INFO - Wrote batch of size 1000 to SQLite database
2024-11-20 14:33:54,152 - INFO - Wrote batch of size 1000 to SQLite database
2024-11-20 14:34:04,151 - INFO - Wrote batch of size 1000 to SQLite database
2024-11-20 14:34:14,153 - INFO - Wrote batch of size 1000 to SQLite database
2024-11-20 14:34:24,152 - INFO - Wrote batch of size 1000 to SQLite database
2024-11-20 14:34:34,153 - INFO - Wrote batch of size 1000 to SQLite database
2024-11-20 14:34:44,151 - INFO - Wrote batch of size 1000 to SQLite database
2024-11-20 14:34:54,152 - INFO - Wrote batch of size 1000 to SQLite database
2024-11-20 14:35:04,152 - INFO - Wrote batch of size 1000 to SQLite database
2024-11-20 14:35:14,153 - INFO - Wrote batch of size 1000 to SQLite database
2024-11-20 14:35:24,152 - INFO - Wrote batch of size 1000 to SQLite database
2024-11-20 14:35:34,153 - INFO - Wrote batch of size 1000 to SQLite database
2024-11-20 14:35:44,159 - INFO - Wrote batch of size 1000 to SQLite database
2024-11-20 14:35:53,763 - INFO - Exported SQLite to CSV at D:\NewData\scan_2024_11_20_09_45_43.csv
2024-11-20 14:35:54,153 - INFO - Wrote batch of size 1000 to SQLite database
2024-11-20 14:36:04,176 - INFO - Wrote batch of size 1000 to SQLite database
2024-11-20 14:36:14,152 - INFO - Wrote batch of size 1000 to SQLite database
2024-11-20 14:36:24,153 - INFO - Wrote batch of size 1000 to SQLite database
2024-11-20 14:36:34,152 - INFO - Wrote batch of size 1000 to SQLite database
2024-11-20 14:36:44,153 - INFO - Wrote batch of size 1000 to SQLite database
2024-11-20 14:36:54,152 - INFO - Wrote batch of size 1000 to SQLite database
2024-11-20 14:37:04,152 - INFO - Wrote batch of size 1000 to SQLite database
2024-11-20 14:37:14,152 - INFO - Wrote batch of size 1000 to SQLite database
2024-11-20 14:37:24,153 - INFO - Wrote batch of size 1000 to SQLite database
2024-11-20 14:37:34,153 - INFO - Wrote batch of size 1000 to SQLite database
2024-11-20 14:37:44,152 - INFO - Wrote batch of size 1000 to SQLite database
2024-11-20 14:37:54,152 - INFO - Wrote batch of size 1000 to SQLite database
2024-11-20 14:38:04,152 - INFO - Wrote batch of size 1000 to SQLite database
2024-11-20 14:38:14,172 - INFO - Wrote batch of size 1000 to SQLite database
2024-11-20 14:38:24,155 - INFO - Wrote batch of size 1000 to SQLite database
2024-11-20 14:38:34,153 - INFO - Wrote batch of size 1000 to SQLite database
2024-11-20 14:38:44,152 - INFO - Wrote batch of size 1000 to SQLite database
2024-11-20 14:38:54,152 - INFO - Wrote batch of size 1000 to SQLite database
2024-11-20 14:39:04,153 - INFO - Wrote batch of size 1000 to SQLite database
2024-11-20 14:39:14,155 - INFO - Wrote batch of size 1000 to SQLite database
2024-11-20 14:39:24,153 - INFO - Wrote batch of size 1000 to SQLite database
2024-11-20 14:39:34,153 - INFO - Wrote batch of size 1000 to SQLite database
2024-11-20 14:39:44,153 - INFO - Wrote batch of size 1000 to SQLite database
2024-11-20 14:39:45,120 - INFO - Vacuumed SQLite database at D:\NewData\scan_2024_11_20_09_45_43.sqlite
2024-11-20 14:39:54,163 - INFO - Wrote batch of size 1000 to SQLite database
2024-11-20 14:40:04,153 - INFO - Wrote batch of size 1000 to SQLite database
2024-11-20 14:40:14,153 - INFO - Wrote batch of size 1000 to SQLite database
2024-11-20 14:40:24,152 - INFO - Wrote batch of size 1000 to SQLite database
2024-11-20 14:40:34,153 - INFO - Wrote batch of size 1000 to SQLite database
2024-11-20 14:40:44,153 - INFO - Wrote batch of size 1000 to SQLite database
2024-11-20 14:40:54,160 - INFO - Wrote batch of size 1000 to SQLite database
2024-11-20 14:41:04,296 - INFO - Wrote batch of size 1000 to SQLite database
2024-11-20 14:41:05,547 - INFO - Exported SQLite to CSV at D:\NewData\scan_2024_11_20_09_45_43.csv
2024-11-20 14:41:14,179 - INFO - Wrote batch of size 1000 to SQLite database
2024-11-20 14:41:24,154 - INFO - Wrote batch of size 1000 to SQLite database
2024-11-20 14:41:34,143 - INFO - Wrote batch of size 1000 to SQLite database
2024-11-20 14:41:44,142 - INFO - Wrote batch of size 1000 to SQLite database
2024-11-20 14:41:54,143 - INFO - Wrote batch of size 1000 to SQLite database
2024-11-20 14:42:04,147 - INFO - Wrote batch of size 1000 to SQLite database
2024-11-20 14:42:14,143 - INFO - Wrote batch of size 1000 to SQLite database
2024-11-20 14:42:24,143 - INFO - Wrote batch of size 1000 to SQLite database
2024-11-20 14:42:34,142 - INFO - Wrote batch of size 1000 to SQLite database
2024-11-20 14:42:44,143 - INFO - Wrote batch of size 1000 to SQLite database
2024-11-20 14:42:54,143 - INFO - Wrote batch of size 1000 to SQLite database
2024-11-20 14:43:04,143 - INFO - Wrote batch of size 1000 to SQLite database
2024-11-20 14:43:14,143 - INFO - Wrote batch of size 1000 to SQLite database
2024-11-20 14:43:24,143 - INFO - Wrote batch of size 1000 to SQLite database
2024-11-20 14:43:34,143 - INFO - Wrote batch of size 1000 to SQLite database
2024-11-20 14:43:44,143 - INFO - Wrote batch of size 1000 to SQLite database
2024-11-20 14:43:54,143 - INFO - Wrote batch of size 1000 to SQLite database
2024-11-20 14:44:04,143 - INFO - Wrote batch of size 1000 to SQLite database
2024-11-20 14:44:14,143 - INFO - Wrote batch of size 1000 to SQLite database
2024-11-20 14:44:24,144 - INFO - Wrote batch of size 1000 to SQLite database
2024-11-20 14:44:34,143 - INFO - Wrote batch of size 1000 to SQLite database
2024-11-20 14:44:44,143 - INFO - Wrote batch of size 1000 to SQLite database
2024-11-20 14:44:54,143 - INFO - Wrote batch of size 1000 to SQLite database
2024-11-20 14:45:04,144 - INFO - Wrote batch of size 1000 to SQLite database
2024-11-20 14:45:14,143 - INFO - Wrote batch of size 1000 to SQLite database
2024-11-20 14:45:24,145 - INFO - Wrote batch of size 1000 to SQLite database
2024-11-20 14:45:34,144 - INFO - Wrote batch of size 1000 to SQLite database
2024-11-20 14:45:44,143 - INFO - Wrote batch of size 1000 to SQLite database
2024-11-20 14:45:54,143 - INFO - Wrote batch of size 1000 to SQLite database
2024-11-20 14:46:04,143 - INFO - Wrote batch of size 1000 to SQLite database
2024-11-20 14:46:14,218 - INFO - Wrote batch of size 1000 to SQLite database
2024-11-20 14:46:16,696 - INFO - Exported SQLite to CSV at D:\NewData\scan_2024_11_20_09_45_43.csv
2024-11-20 14:46:24,164 - INFO - Wrote batch of size 1000 to SQLite database
2024-11-20 14:46:34,142 - INFO - Wrote batch of size 1000 to SQLite database
2024-11-20 14:46:44,145 - INFO - Wrote batch of size 1000 to SQLite database
2024-11-20 14:46:54,142 - INFO - Wrote batch of size 1000 to SQLite database
2024-11-20 14:47:04,144 - INFO - Wrote batch of size 1000 to SQLite database
2024-11-20 14:47:14,162 - INFO - Wrote batch of size 1000 to SQLite database
2024-11-20 14:47:24,159 - INFO - Wrote batch of size 1000 to SQLite database
2024-11-20 14:47:34,143 - INFO - Wrote batch of size 1000 to SQLite database
2024-11-20 14:47:44,144 - INFO - Wrote batch of size 1000 to SQLite database
2024-11-20 14:47:54,145 - INFO - Wrote batch of size 1000 to SQLite database
2024-11-20 14:48:04,144 - INFO - Wrote batch of size 1000 to SQLite database
2024-11-20 14:48:14,146 - INFO - Wrote batch of size 1000 to SQLite database
2024-11-20 14:48:24,145 - INFO - Wrote batch of size 1000 to SQLite database
2024-11-20 14:48:34,123 - INFO - Wrote batch of size 1000 to SQLite database
2024-11-20 14:48:44,124 - INFO - Wrote batch of size 1000 to SQLite database
2024-11-20 14:48:54,125 - INFO - Wrote batch of size 1000 to SQLite database
2024-11-20 14:49:04,125 - INFO - Wrote batch of size 1000 to SQLite database
2024-11-20 14:49:14,125 - INFO - Wrote batch of size 1000 to SQLite database
2024-11-20 14:49:24,129 - INFO - Wrote batch of size 1000 to SQLite database
2024-11-20 14:49:34,125 - INFO - Wrote batch of size 1000 to SQLite database
2024-11-20 14:49:44,125 - INFO - Wrote batch of size 1000 to SQLite database
2024-11-20 14:49:54,124 - INFO - Wrote batch of size 1000 to SQLite database
2024-11-20 14:50:04,125 - INFO - Wrote batch of size 1000 to SQLite database
2024-11-20 14:50:14,125 - INFO - Wrote batch of size 1000 to SQLite database
2024-11-20 14:50:24,124 - INFO - Wrote batch of size 1000 to SQLite database
2024-11-20 14:50:34,122 - INFO - Wrote batch of size 1000 to SQLite database
2024-11-20 14:50:44,125 - INFO - Wrote batch of size 1000 to SQLite database
2024-11-20 14:50:54,124 - INFO - Wrote batch of size 1000 to SQLite database
2024-11-20 14:51:04,125 - INFO - Wrote batch of size 1000 to SQLite database
2024-11-20 14:51:14,124 - INFO - Wrote batch of size 1000 to SQLite database
2024-11-20 14:51:24,239 - INFO - Wrote batch of size 1000 to SQLite database
2024-11-20 14:51:28,239 - INFO - Exported SQLite to CSV at D:\NewData\scan_2024_11_20_09_45_43.csv
2024-11-20 14:51:34,151 - INFO - Wrote batch of size 1000 to SQLite database
2024-11-20 14:51:44,124 - INFO - Wrote batch of size 1000 to SQLite database
2024-11-20 14:51:54,125 - INFO - Wrote batch of size 1000 to SQLite database
2024-11-20 14:52:04,125 - INFO - Wrote batch of size 1000 to SQLite database
2024-11-20 14:52:14,124 - INFO - Wrote batch of size 1000 to SQLite database
2024-11-20 14:52:24,124 - INFO - Wrote batch of size 1000 to SQLite database
2024-11-20 14:52:34,125 - INFO - Wrote batch of size 1000 to SQLite database
2024-11-20 14:52:44,124 - INFO - Wrote batch of size 1000 to SQLite database
2024-11-20 14:52:54,124 - INFO - Wrote batch of size 1000 to SQLite database
2024-11-20 14:53:04,124 - INFO - Wrote batch of size 1000 to SQLite database
2024-11-20 14:53:14,125 - INFO - Wrote batch of size 1000 to SQLite database
2024-11-20 14:53:24,124 - INFO - Wrote batch of size 1000 to SQLite database
2024-11-20 14:53:34,124 - INFO - Wrote batch of size 1000 to SQLite database
2024-11-20 14:53:44,124 - INFO - Wrote batch of size 1000 to SQLite database
2024-11-20 14:53:54,124 - INFO - Wrote batch of size 1000 to SQLite database
2024-11-20 14:54:04,124 - INFO - Wrote batch of size 1000 to SQLite database
2024-11-20 14:54:14,125 - INFO - Wrote batch of size 1000 to SQLite database
2024-11-20 14:54:24,125 - INFO - Wrote batch of size 1000 to SQLite database
2024-11-20 14:54:34,124 - INFO - Wrote batch of size 1000 to SQLite database
2024-11-20 14:54:44,142 - INFO - Wrote batch of size 1000 to SQLite database
2024-11-20 14:54:54,127 - INFO - Wrote batch of size 1000 to SQLite database
2024-11-20 14:55:04,124 - INFO - Wrote batch of size 1000 to SQLite database
2024-11-20 14:55:14,125 - INFO - Wrote batch of size 1000 to SQLite database
2024-11-20 14:55:24,124 - INFO - Wrote batch of size 1000 to SQLite database
2024-11-20 14:55:34,124 - INFO - Wrote batch of size 1000 to SQLite database
2024-11-20 14:55:44,124 - INFO - Wrote batch of size 1000 to SQLite database
2024-11-20 14:55:54,125 - INFO - Wrote batch of size 1000 to SQLite database
2024-11-20 14:56:04,124 - INFO - Wrote batch of size 1000 to SQLite database
2024-11-20 14:56:14,126 - INFO - Wrote batch of size 1000 to SQLite database
2024-11-20 14:56:24,125 - INFO - Wrote batch of size 1000 to SQLite database
2024-11-20 14:56:25,063 - INFO - Vacuumed SQLite database at D:\NewData\scan_2024_11_20_09_45_43.sqlite
2024-11-20 14:56:34,223 - INFO - Wrote batch of size 1000 to SQLite database
2024-11-20 14:56:39,707 - INFO - Exported SQLite to CSV at D:\NewData\scan_2024_11_20_09_45_43.csv
2024-11-20 14:56:44,148 - INFO - Wrote batch of size 1000 to SQLite database
2024-11-20 14:56:54,123 - INFO - Wrote batch of size 1000 to SQLite database
2024-11-20 14:57:04,124 - INFO - Wrote batch of size 1000 to SQLite database
2024-11-20 14:57:14,125 - INFO - Wrote batch of size 1000 to SQLite database
2024-11-20 14:57:24,124 - INFO - Wrote batch of size 1000 to SQLite database
2024-11-20 14:57:34,125 - INFO - Wrote batch of size 1000 to SQLite database
2024-11-20 14:57:44,124 - INFO - Wrote batch of size 1000 to SQLite database
2024-11-20 14:57:54,125 - INFO - Wrote batch of size 1000 to SQLite database
2024-11-20 14:58:04,130 - INFO - Wrote batch of size 1000 to SQLite database
2024-11-20 14:58:14,126 - INFO - Wrote batch of size 1000 to SQLite database
2024-11-20 14:58:24,125 - INFO - Wrote batch of size 1000 to SQLite database
2024-11-20 14:58:34,125 - INFO - Wrote batch of size 1000 to SQLite database
2024-11-20 14:58:44,124 - INFO - Wrote batch of size 1000 to SQLite database
2024-11-20 14:58:54,125 - INFO - Wrote batch of size 1000 to SQLite database
2024-11-20 14:59:04,125 - INFO - Wrote batch of size 1000 to SQLite database
2024-11-20 14:59:14,125 - INFO - Wrote batch of size 1000 to SQLite database
2024-11-20 14:59:24,126 - INFO - Wrote batch of size 1000 to SQLite database
2024-11-20 14:59:34,125 - INFO - Wrote batch of size 1000 to SQLite database
2024-11-20 14:59:44,125 - INFO - Wrote batch of size 1000 to SQLite database
2024-11-20 14:59:54,125 - INFO - Wrote batch of size 1000 to SQLite database
2024-11-20 15:00:04,125 - INFO - Wrote batch of size 1000 to SQLite database
2024-11-20 15:00:14,126 - INFO - Wrote batch of size 1000 to SQLite database
2024-11-20 15:00:24,126 - INFO - Wrote batch of size 1000 to SQLite database
2024-11-20 15:00:34,126 - INFO - Wrote batch of size 1000 to SQLite database
2024-11-20 15:00:44,124 - INFO - Wrote batch of size 1000 to SQLite database
2024-11-20 15:00:54,125 - INFO - Wrote batch of size 1000 to SQLite database
2024-11-20 15:01:04,124 - INFO - Wrote batch of size 1000 to SQLite database
2024-11-20 15:01:14,126 - INFO - Wrote batch of size 1000 to SQLite database
2024-11-20 15:01:24,124 - INFO - Wrote batch of size 1000 to SQLite database
2024-11-20 15:01:34,126 - INFO - Wrote batch of size 1000 to SQLite database
2024-11-20 15:01:44,808 - INFO - Wrote batch of size 1004 to SQLite database
2024-11-20 15:01:51,306 - INFO - Exported SQLite to CSV at D:\NewData\scan_2024_11_20_09_45_43.csv
2024-11-20 15:01:54,197 - INFO - Wrote batch of size 1000 to SQLite database
2024-11-20 15:02:04,168 - INFO - Wrote batch of size 1000 to SQLite database
2024-11-20 15:02:14,165 - INFO - Wrote batch of size 1000 to SQLite database
2024-11-20 15:02:24,165 - INFO - Wrote batch of size 1000 to SQLite database
2024-11-20 15:02:34,173 - INFO - Wrote batch of size 1000 to SQLite database
2024-11-20 15:02:44,164 - INFO - Wrote batch of size 1000 to SQLite database
2024-11-20 15:02:54,165 - INFO - Wrote batch of size 1000 to SQLite database
2024-11-20 15:03:04,167 - INFO - Wrote batch of size 1000 to SQLite database
2024-11-20 15:03:14,165 - INFO - Wrote batch of size 1000 to SQLite database
2024-11-20 15:03:24,166 - INFO - Wrote batch of size 1000 to SQLite database
2024-11-20 15:03:34,165 - INFO - Wrote batch of size 1000 to SQLite database
2024-11-20 15:03:44,166 - INFO - Wrote batch of size 1000 to SQLite database
2024-11-20 15:03:54,183 - INFO - Wrote batch of size 1000 to SQLite database
2024-11-20 15:04:04,167 - INFO - Wrote batch of size 1000 to SQLite database
2024-11-20 15:04:14,165 - INFO - Wrote batch of size 1000 to SQLite database
2024-11-20 15:04:24,165 - INFO - Wrote batch of size 1000 to SQLite database
2024-11-20 15:04:34,168 - INFO - Wrote batch of size 1000 to SQLite database
2024-11-20 15:04:44,165 - INFO - Wrote batch of size 1000 to SQLite database
2024-11-20 15:04:54,165 - INFO - Wrote batch of size 1000 to SQLite database
2024-11-20 15:05:04,165 - INFO - Wrote batch of size 1000 to SQLite database
2024-11-20 15:05:14,166 - INFO - Wrote batch of size 1000 to SQLite database
2024-11-20 15:05:24,165 - INFO - Wrote batch of size 1000 to SQLite database
2024-11-20 15:05:34,167 - INFO - Wrote batch of size 1000 to SQLite database
2024-11-20 15:05:44,166 - INFO - Wrote batch of size 1000 to SQLite database
2024-11-20 15:05:54,166 - INFO - Wrote batch of size 1000 to SQLite database
2024-11-20 15:06:04,165 - INFO - Wrote batch of size 1000 to SQLite database
2024-11-20 15:06:14,166 - INFO - Wrote batch of size 1000 to SQLite database
2024-11-20 15:06:24,166 - INFO - Wrote batch of size 1000 to SQLite database
2024-11-20 15:06:34,166 - INFO - Wrote batch of size 1000 to SQLite database
2024-11-20 15:06:44,165 - INFO - Wrote batch of size 1000 to SQLite database
2024-11-20 15:06:54,177 - INFO - Wrote batch of size 1000 to SQLite database
2024-11-20 15:07:03,046 - INFO - Exported SQLite to CSV at D:\NewData\scan_2024_11_20_09_45_43.csv
2024-11-20 15:07:04,178 - INFO - Wrote batch of size 1000 to SQLite database
2024-11-20 15:07:14,179 - INFO - Wrote batch of size 1000 to SQLite database
2024-11-20 15:07:24,166 - INFO - Wrote batch of size 1000 to SQLite database
2024-11-20 15:07:34,166 - INFO - Wrote batch of size 1000 to SQLite database
2024-11-20 15:07:44,167 - INFO - Wrote batch of size 1000 to SQLite database
2024-11-20 15:07:54,166 - INFO - Wrote batch of size 1000 to SQLite database
2024-11-20 15:08:04,170 - INFO - Wrote batch of size 1000 to SQLite database
2024-11-20 15:08:14,166 - INFO - Wrote batch of size 1000 to SQLite database
2024-11-20 15:08:24,171 - INFO - Wrote batch of size 1000 to SQLite database
2024-11-20 15:08:34,166 - INFO - Wrote batch of size 1000 to SQLite database
2024-11-20 15:08:44,167 - INFO - Wrote batch of size 1000 to SQLite database
2024-11-20 15:08:54,167 - INFO - Wrote batch of size 1000 to SQLite database
2024-11-20 15:09:04,167 - INFO - Wrote batch of size 1000 to SQLite database
2024-11-20 15:09:14,166 - INFO - Wrote batch of size 1000 to SQLite database
2024-11-20 15:09:24,167 - INFO - Wrote batch of size 1000 to SQLite database
2024-11-20 15:09:34,166 - INFO - Wrote batch of size 1000 to SQLite database
2024-11-20 15:09:44,166 - INFO - Wrote batch of size 1000 to SQLite database
2024-11-20 15:09:54,165 - INFO - Wrote batch of size 1000 to SQLite database
2024-11-20 15:10:04,166 - INFO - Wrote batch of size 1000 to SQLite database
2024-11-20 15:10:14,166 - INFO - Wrote batch of size 1000 to SQLite database
2024-11-20 15:10:24,167 - INFO - Wrote batch of size 1000 to SQLite database
2024-11-20 15:10:34,166 - INFO - Wrote batch of size 1000 to SQLite database
2024-11-20 15:10:44,166 - INFO - Wrote batch of size 1000 to SQLite database
2024-11-20 15:10:54,166 - INFO - Wrote batch of size 1000 to SQLite database
2024-11-20 15:11:04,166 - INFO - Wrote batch of size 1000 to SQLite database
2024-11-20 15:11:14,167 - INFO - Wrote batch of size 1000 to SQLite database
2024-11-20 15:11:24,183 - INFO - Wrote batch of size 1000 to SQLite database
2024-11-20 15:11:34,178 - INFO - Wrote batch of size 1000 to SQLite database
2024-11-20 15:11:44,168 - INFO - Wrote batch of size 1000 to SQLite database
2024-11-20 15:11:54,166 - INFO - Wrote batch of size 1000 to SQLite database
2024-11-20 15:12:04,172 - INFO - Wrote batch of size 1000 to SQLite database
2024-11-20 15:12:14,262 - INFO - Wrote batch of size 1000 to SQLite database
2024-11-20 15:12:14,932 - INFO - Exported SQLite to CSV at D:\NewData\scan_2024_11_20_09_45_43.csv
2024-11-20 15:12:24,192 - INFO - Wrote batch of size 1000 to SQLite database
2024-11-20 15:12:34,167 - INFO - Wrote batch of size 1000 to SQLite database
2024-11-20 15:12:44,166 - INFO - Wrote batch of size 1000 to SQLite database
2024-11-20 15:12:54,167 - INFO - Wrote batch of size 1000 to SQLite database
2024-11-20 15:13:04,166 - INFO - Wrote batch of size 1000 to SQLite database
2024-11-20 15:13:05,161 - INFO - Vacuumed SQLite database at D:\NewData\scan_2024_11_20_09_45_43.sqlite
2024-11-20 15:13:14,170 - INFO - Wrote batch of size 1000 to SQLite database
2024-11-20 15:13:24,168 - INFO - Wrote batch of size 1000 to SQLite database
2024-11-20 15:13:34,167 - INFO - Wrote batch of size 1000 to SQLite database
2024-11-20 15:13:44,167 - INFO - Wrote batch of size 1000 to SQLite database
2024-11-20 15:13:54,167 - INFO - Wrote batch of size 1000 to SQLite database
